player,season,OREB,DREB,REB,GP,MIN
Kareem Abdul-Jabbar,1969-70,,,14.5,82,43.1
Kareem Abdul-Jabbar,1970-71,,,16.0,82,40.1
Kareem Abdul-Jabbar,1971-72,,,16.6,81,44.2
Kareem Abdul-Jabbar,1972-73,,,16.1,76,42.8
Kareem Abdul-Jabbar,1973-74,3.5,11.0,14.5,81,43.8
Kareem Abdul-Jabbar,1974-75,3.0,11.0,14.0,65,42.3
Kareem Abdul-Jabbar,1975-76,3.3,13.5,16.9,82,41.2
Kareem Abdul-Jabbar,1976-77,3.2,10.0,13.3,82,36.8
Kareem Abdul-Jabbar,1977-78,3.0,9.9,12.9,62,36.5
Kareem Abdul-Jabbar,1978-79,2.6,10.2,12.8,80,39.5
Kareem Abdul-Jabbar,1979-80,2.3,8.5,10.8,82,38.3
Kareem Abdul-Jabbar,1980-81,2.5,7.8,10.3,80,37.2
Kareem Abdul-Jabbar,1981-82,2.3,6.4,8.7,76,35.2
Kareem Abdul-Jabbar,1982-83,2.1,5.4,7.5,79,32.3
Kareem Abdul-Jabbar,1983-84,2.1,5.2,7.3,80,32.8
Kareem Abdul-Jabbar,1984-85,2.1,5.8,7.9,79,33.3
Kareem Abdul-Jabbar,1985-86,1.7,4.4,6.1,79,33.3
Kareem Abdul-Jabbar,1986-87,1.9,4.8,6.7,78,31.3
Kareem Abdul-Jabbar,1987-88,1.5,4.5,6.0,80,28.9
Kareem Abdul-Jabbar,1988-89,1.4,3.1,4.5,74,22.9
Ray Allen,1996-97,1.2,2.8,4.0,82,31.0
Ray Allen,1997-98,1.5,3.4,4.9,82,40.1
Ray Allen,1998-99,1.1,3.1,4.2,50,34.4
Ray Allen,1999-00,1.0,3.4,4.4,82,37.4
Ray Allen,2000-01,1.2,4.0,5.2,82,38.2
Ray Allen,2001-02,1.2,3.3,4.5,69,36.6
Ray Allen,2002-03,1.0,3.7,4.6,47,35.8
Ray Allen,2002-03,1.7,3.9,5.6,29,41.3
Ray Allen,2002-03,1.2,3.8,5.0,76,37.9
Ray Allen,2003-04,1.2,3.9,5.1,56,38.4
Ray Allen,2004-05,1.0,3.4,4.4,78,39.3
Ray Allen,2005-06,0.9,3.3,4.3,78,38.7
Ray Allen,2006-07,1.0,3.5,4.5,55,40.3
Ray Allen,2007-08,1.0,2.6,3.7,73,35.9
Ray Allen,2008-09,0.8,2.7,3.5,79,36.4
Ray Allen,2009-10,0.6,2.6,3.2,80,35.2
Ray Allen,2010-11,0.6,2.8,3.4,80,36.1
Ray Allen,2011-12,0.3,2.8,3.1,46,34.0
Ray Allen,2012-13,0.5,2.2,2.7,79,25.8
Ray Allen,2013-14,0.3,2.5,2.8,73,26.5
Giannis Antetokounmpo,2013-14,1.0,3.4,4.4,77,24.6
Giannis Antetokounmpo,2014-15,1.2,5.5,6.7,81,31.4
Giannis Antetokounmpo,2015-16,1.4,6.2,7.7,80,35.3
Giannis Antetokounmpo,2016-17,1.8,7.0,8.8,80,35.6
Giannis Antetokounmpo,2017-18,2.1,8.0,10.0,75,36.7
Giannis Antetokounmpo,2018-19,2.2,10.3,12.5,72,32.8
Giannis Antetokounmpo,2019-20,2.2,11.4,13.6,63,30.4
Giannis Antetokounmpo,2020-21,1.6,9.4,11.0,61,33.0
Giannis Antetokounmpo,2021-22,2.0,9.6,11.6,67,32.9
Giannis Antetokounmpo,2022-23,2.2,9.6,11.8,63,32.1
Giannis Antetokounmpo,2023-24,2.7,8.8,11.5,73,35.2
Giannis Antetokounmpo,2024-25,2.2,9.7,11.9,67,34.2
Giannis Antetokounmpo,2025-26,2.7,7.1,9.8,36,28.9
Carmelo Anthony,2003-04,2.2,3.8,6.1,82,36.5
Carmelo Anthony,2004-05,1.9,3.8,5.7,75,34.8
Carmelo Anthony,2005-06,1.5,3.4,4.9,80,36.8
Carmelo Anthony,2006-07,2.2,3.8,6.0,65,38.2
Carmelo Anthony,2007-08,2.3,5.1,7.4,77,36.4
Carmelo Anthony,2008-09,1.6,5.2,6.8,66,34.5
Carmelo Anthony,2009-10,2.2,4.4,6.6,69,38.2
Carmelo Anthony,2010-11,1.5,6.1,7.6,50,35.5
Carmelo Anthony,2010-11,1.5,5.2,6.7,27,36.2
Carmelo Anthony,2010-11,1.5,5.8,7.3,77,35.7
Carmelo Anthony,2011-12,1.6,4.7,6.3,55,34.1
Carmelo Anthony,2012-13,2.0,4.9,6.9,67,37.0
Carmelo Anthony,2013-14,1.9,6.2,8.1,77,38.7
Carmelo Anthony,2014-15,1.8,4.8,6.6,40,35.7
Carmelo Anthony,2015-16,1.4,6.4,7.7,72,35.1
Carmelo Anthony,2016-17,0.8,5.1,5.9,74,34.3
Carmelo Anthony,2017-18,0.9,4.9,5.8,78,32.1
Carmelo Anthony,2018-19,0.9,4.5,5.4,10,29.4
Carmelo Anthony,2019-20,1.2,5.1,6.3,58,32.8
Carmelo Anthony,2020-21,0.5,2.6,3.1,69,24.5
Carmelo Anthony,2021-22,0.9,3.3,4.2,69,26.0
Nate Archibald,1970-71,,,3.0,82,35.0
Nate Archibald,1971-72,,,2.9,76,43.1
Nate Archibald,1972-73,,,2.8,80,46.0
Nate Archibald,1973-74,0.6,1.8,2.4,35,36.3
Nate Archibald,1974-75,0.6,2.1,2.7,82,39.6
Nate Archibald,1975-76,0.9,1.9,2.7,78,40.8
Nate Archibald,1976-77,0.6,1.7,2.4,34,37.6
Nate Archibald,1978-79,0.4,1.1,1.5,69,24.1
Nate Archibald,1979-80,0.7,1.7,2.5,80,35.8
Nate Archibald,1980-81,0.5,1.8,2.2,80,35.3
Nate Archibald,1981-82,0.4,1.3,1.7,68,31.9
Nate Archibald,1982-83,0.4,1.0,1.4,66,27.4
Nate Archibald,1983-84,0.3,1.3,1.7,46,22.6
Paul Arizin,1950-51,,,9.8,65,
Paul Arizin,1951-52,,,11.3,66,44.5
Paul Arizin,1954-55,,,9.4,72,41.0
Paul Arizin,1955-56,,,7.5,72,37.8
Paul Arizin,1956-57,,,7.9,71,39.0
Paul Arizin,1957-58,,,7.4,68,35.0
Paul Arizin,1958-59,,,9.1,70,40.0
Paul Arizin,1959-60,,,8.6,72,36.4
Paul Arizin,1960-61,,,8.6,79,37.2
Paul Arizin,1961-62,,,6.8,78,35.7
Charles Barkley,1984-85,3.2,5.3,8.6,82,28.6
Charles Barkley,1985-86,4.4,8.4,12.8,80,36.9
Charles Barkley,1986-87,5.7,8.9,14.6,68,40.3
Charles Barkley,1987-88,4.8,7.1,11.9,80,39.6
Charles Barkley,1988-89,5.1,7.4,12.5,79,39.1
Charles Barkley,1989-90,4.6,6.9,11.5,79,39.1
Charles Barkley,1990-91,3.9,6.3,10.1,67,37.3
Charles Barkley,1991-92,3.6,7.5,11.1,75,38.4
Charles Barkley,1992-93,3.1,9.1,12.2,76,37.6
Charles Barkley,1993-94,3.0,8.1,11.2,65,35.4
Charles Barkley,1994-95,3.0,8.1,11.1,68,35.0
Charles Barkley,1995-96,3.4,8.1,11.6,71,37.1
Charles Barkley,1996-97,4.0,9.5,13.5,53,37.9
Charles Barkley,1997-98,3.5,8.1,11.7,68,33.0
Charles Barkley,1998-99,4.0,8.3,12.3,42,36.3
Charles Barkley,1999-00,3.6,6.9,10.5,20,31.0
Rick Barry,1965-66,,,10.6,80,37.4
Rick Barry,1966-67,,,9.2,78,40.7
Rick Barry,1972-73,,,8.9,82,37.5
Rick Barry,1973-74,1.3,5.5,6.8,80,36.5
Rick Barry,1974-75,1.2,4.6,5.7,80,40.4
Rick Barry,1975-76,0.9,5.2,6.1,81,38.5
Rick Barry,1976-77,0.9,4.4,5.3,79,36.8
Rick Barry,1977-78,0.9,4.6,5.5,82,36.9
Rick Barry,1978-79,0.5,3.0,3.5,80,32.1
Rick Barry,1979-80,0.7,2.5,3.3,72,25.2
Elgin Baylor,1958-59,,,15.0,70,40.8
Elgin Baylor,1959-60,,,16.4,70,41.0
Elgin Baylor,1960-61,,,19.8,73,42.9
Elgin Baylor,1961-62,,,18.6,48,44.4
Elgin Baylor,1962-63,,,14.3,80,42.1
Elgin Baylor,1963-64,,,12.0,78,40.6
Elgin Baylor,1964-65,,,12.8,74,41.3
Elgin Baylor,1965-66,,,9.6,65,30.4
Elgin Baylor,1966-67,,,12.8,70,38.7
Elgin Baylor,1967-68,,,12.2,77,39.3
Elgin Baylor,1968-69,,,10.6,76,40.3
Elgin Baylor,1969-70,,,10.4,54,41.0
Elgin Baylor,1970-71,,,5.5,2,28.5
Elgin Baylor,1971-72,,,6.3,9,26.6
Dave Bing,1966-67,,,4.5,80,34.5
Dave Bing,1967-68,,,4.7,79,40.6
Dave Bing,1968-69,,,5.0,77,39.5
Dave Bing,1969-70,,,4.3,70,33.3
Dave Bing,1970-71,,,4.4,82,37.4
Dave Bing,1971-72,,,4.1,45,43.0
Dave Bing,1972-73,,,3.6,82,41.0
Dave Bing,1973-74,1.3,2.1,3.5,81,38.6
Dave Bing,1974-75,1.1,2.5,3.6,79,40.8
Dave Bing,1975-76,1.1,1.7,2.9,82,35.9
Dave Bing,1976-77,0.8,1.4,2.2,64,23.7
Dave Bing,1977-78,1.0,1.7,2.7,80,28.2
Larry Bird,1979-80,2.6,7.8,10.4,82,36.0
Larry Bird,1980-81,2.3,8.6,10.9,82,39.5
Larry Bird,1981-82,2.6,8.3,10.9,77,38.0
Larry Bird,1982-83,2.4,8.6,11.0,79,37.7
Larry Bird,1983-84,2.3,7.8,10.1,79,38.3
Larry Bird,1984-85,2.1,8.5,10.5,80,39.5
Larry Bird,1985-86,2.3,7.5,9.8,82,38.0
Larry Bird,1986-87,1.7,7.5,9.2,74,40.6
Larry Bird,1987-88,1.4,7.8,9.3,76,39.0
Larry Bird,1988-89,0.2,6.0,6.2,6,31.5
Larry Bird,1989-90,1.2,8.3,9.5,75,39.3
Larry Bird,1990-91,0.9,7.6,8.5,60,38.0
Larry Bird,1991-92,1.0,8.6,9.6,45,36.9
Kobe Bryant,1996-97,0.7,1.2,1.9,71,15.5
Kobe Bryant,1997-98,1.0,2.1,3.1,79,26.0
Kobe Bryant,1998-99,1.1,4.2,5.3,50,37.9
Kobe Bryant,1999-00,1.6,4.7,6.3,66,38.2
Kobe Bryant,2000-01,1.5,4.3,5.9,68,40.9
Kobe Bryant,2001-02,1.4,4.1,5.5,80,38.3
Kobe Bryant,2002-03,1.3,5.6,6.9,82,41.5
Kobe Bryant,2003-04,1.6,3.9,5.5,65,37.7
Kobe Bryant,2004-05,1.4,4.5,5.9,66,40.7
Kobe Bryant,2005-06,0.9,4.4,5.3,80,41.0
Kobe Bryant,2006-07,1.0,4.7,5.7,77,40.8
Kobe Bryant,2007-08,1.1,5.2,6.3,82,38.9
Kobe Bryant,2008-09,1.1,4.1,5.2,82,36.1
Kobe Bryant,2009-10,1.1,4.3,5.4,73,38.8
Kobe Bryant,2010-11,1.0,4.1,5.1,82,33.9
Kobe Bryant,2011-12,1.1,4.3,5.4,58,38.5
Kobe Bryant,2012-13,0.8,4.7,5.6,78,38.6
Kobe Bryant,2013-14,0.3,4.0,4.3,6,29.5
Kobe Bryant,2014-15,0.7,4.9,5.7,35,34.5
Kobe Bryant,2015-16,0.6,3.1,3.7,66,28.2
Wilt Chamberlain,1959-60,,,27.0,72,46.4
Wilt Chamberlain,1960-61,,,27.2,79,47.8
Wilt Chamberlain,1961-62,,,25.7,80,48.5
Wilt Chamberlain,1962-63,,,24.3,80,47.6
Wilt Chamberlain,1963-64,,,22.3,80,46.1
Wilt Chamberlain,1964-65,,,22.3,35,44.5
Wilt Chamberlain,1964-65,,,23.5,38,45.9
Wilt Chamberlain,1964-65,,,22.9,73,45.2
Wilt Chamberlain,1965-66,,,24.6,79,47.3
Wilt Chamberlain,1966-67,,,24.2,81,45.5
Wilt Chamberlain,1967-68,,,23.8,82,46.8
Wilt Chamberlain,1968-69,,,21.1,81,45.3
Wilt Chamberlain,1969-70,,,18.4,12,42.1
Wilt Chamberlain,1970-71,,,18.2,82,44.3
Wilt Chamberlain,1971-72,,,19.2,82,42.3
Wilt Chamberlain,1972-73,,,18.6,82,43.2
Bob Cousy,1950-51,,,6.9,69,
Bob Cousy,1951-52,,,6.4,66,40.6
Bob Cousy,1952-53,,,6.3,71,41.5
Bob Cousy,1953-54,,,5.5,72,39.7
Bob Cousy,1954-55,,,6.0,71,38.7
Bob Cousy,1955-56,,,6.8,72,38.4
Bob Cousy,1956-57,,,4.8,64,36.9
Bob Cousy,1957-58,,,5.0,65,34.2
Bob Cousy,1958-59,,,5.5,65,37.0
Bob Cousy,1959-60,,,4.7,75,34.5
Bob Cousy,1960-61,,,4.4,76,32.5
Bob Cousy,1961-62,,,3.5,75,28.2
Bob Cousy,1962-63,,,2.5,76,26.0
Bob Cousy,1969-70,,,0.7,7,4.9
Dave Cowens,1970-71,,,15.0,81,38.0
Dave Cowens,1971-72,,,15.2,79,40.3
Dave Cowens,1972-73,,,16.2,82,41.8
Dave Cowens,1973-74,3.3,12.4,15.7,80,41.9
Dave Cowens,1974-75,3.5,11.2,14.7,65,40.5
Dave Cowens,1975-76,4.3,11.7,16.0,78,39.8
Dave Cowens,1976-77,2.9,11.0,13.9,50,37.8
Dave Cowens,1977-78,3.2,10.8,14.0,77,41.8
Dave Cowens,1978-79,2.2,7.4,9.6,68,37.0
Dave Cowens,1979-80,1.9,6.2,8.1,66,32.7
Dave Cowens,1982-83,1.8,5.0,6.9,40,25.4
Billy Cunningham,1965-66,,,7.5,80,26.7
Billy Cunningham,1966-67,,,7.3,81,26.8
Billy Cunningham,1967-68,,,7.6,74,28.1
Billy Cunningham,1968-69,,,12.8,82,40.8
Billy Cunningham,1969-70,,,13.6,81,39.4
Billy Cunningham,1970-71,,,11.7,81,38.1
Billy Cunningham,1971-72,,,12.2,75,38.7
Billy Cunningham,1974-75,1.6,7.5,9.1,80,35.7
Billy Cunningham,1975-76,1.5,5.9,7.4,20,32.0
Stephen Curry,2009-10,0.6,3.9,4.5,80,36.2
Stephen Curry,2010-11,0.7,3.2,3.9,74,33.6
Stephen Curry,2011-12,0.6,2.8,3.4,26,28.2
Stephen Curry,2012-13,0.8,3.3,4.0,78,38.2
Stephen Curry,2013-14,0.6,3.7,4.3,78,36.5
Stephen Curry,2014-15,0.7,3.6,4.3,80,32.7
Stephen Curry,2015-16,0.9,4.6,5.4,79,34.2
Stephen Curry,2016-17,0.8,3.7,4.5,79,33.4
Stephen Curry,2017-18,0.7,4.4,5.1,51,32.0
Stephen Curry,2018-19,0.7,4.7,5.3,69,33.8
Stephen Curry,2019-20,0.8,4.4,5.2,5,27.8
Stephen Curry,2020-21,0.5,5.0,5.5,63,34.2
Stephen Curry,2021-22,0.5,4.7,5.2,64,34.5
Stephen Curry,2022-23,0.7,5.4,6.1,56,34.7
Stephen Curry,2023-24,0.5,4.0,4.5,74,32.7
Stephen Curry,2024-25,0.6,3.9,4.4,70,32.2
Stephen Curry,2025-26,0.4,3.1,3.5,39,31.3
Anthony Davis,2012-13,2.6,5.6,8.2,64,28.8
Anthony Davis,2013-14,3.1,7.0,10.0,67,35.2
Anthony Davis,2014-15,2.5,7.7,10.2,68,36.1
Anthony Davis,2015-16,2.1,8.1,10.3,61,35.5
Anthony Davis,2016-17,2.3,9.5,11.8,75,36.1
Anthony Davis,2017-18,2.5,8.6,11.1,75,36.4
Anthony Davis,2018-19,3.1,8.9,12.0,56,33.0
Anthony Davis,2019-20,2.3,7.0,9.3,62,34.4
Anthony Davis,2020-21,1.7,6.2,7.9,36,32.3
Anthony Davis,2021-22,2.7,7.2,9.9,40,35.1
Anthony Davis,2022-23,3.5,9.1,12.5,56,34.0
Anthony Davis,2023-24,3.1,9.5,12.6,76,35.5
Anthony Davis,2024-25,2.8,9.0,11.9,42,34.3
Anthony Davis,2024-25,1.7,8.4,10.1,9,29.6
Anthony Davis,2024-25,2.6,8.9,11.6,51,33.4
Anthony Davis,2025-26,3.1,8.0,11.1,20,31.3
Dave DeBusschere,1962-63,,,8.7,80,29.4
Dave DeBusschere,1963-64,,,7.0,15,20.3
Dave DeBusschere,1964-65,,,11.1,79,35.1
Dave DeBusschere,1965-66,,,11.6,79,34.1
Dave DeBusschere,1966-67,,,11.8,78,37.1
Dave DeBusschere,1967-68,,,13.5,80,39.1
Dave DeBusschere,1968-69,,,11.4,47,39.4
Dave DeBusschere,1968-69,,,12.2,29,37.7
Dave DeBusschere,1968-69,,,11.7,76,38.7
Dave DeBusschere,1969-70,,,10.0,79,33.3
Dave DeBusschere,1970-71,,,11.1,81,35.7
Dave DeBusschere,1971-72,,,11.3,80,38.4
Dave DeBusschere,1972-73,,,10.2,77,36.7
Dave DeBusschere,1973-74,1.9,8.8,10.7,71,38.0
Clyde Drexler,1983-84,1.4,1.5,2.9,82,17.2
Clyde Drexler,1984-85,2.7,3.2,6.0,80,31.9
Clyde Drexler,1985-86,2.3,3.3,5.6,75,34.3
Clyde Drexler,1986-87,2.8,3.5,6.3,82,38.0
Clyde Drexler,1987-88,3.2,3.4,6.6,81,37.8
Clyde Drexler,1988-89,3.7,4.2,7.9,78,39.3
Clyde Drexler,1989-90,2.8,4.1,6.9,73,36.8
Clyde Drexler,1990-91,2.6,4.1,6.7,82,34.8
Clyde Drexler,1991-92,2.2,4.4,6.6,76,36.2
Clyde Drexler,1992-93,2.6,3.7,6.3,49,34.1
Clyde Drexler,1993-94,2.3,4.3,6.5,68,34.3
Clyde Drexler,1994-95,2.0,3.7,5.7,41,34.8
Clyde Drexler,1994-95,1.9,5.1,7.0,35,37.1
Clyde Drexler,1994-95,2.0,4.3,6.3,76,35.9
Clyde Drexler,1995-96,1.9,5.3,7.2,52,38.4
Clyde Drexler,1996-97,1.9,4.1,6.0,62,36.6
Clyde Drexler,1997-98,1.5,3.4,4.9,70,35.3
Tim Duncan,1997-98,3.3,8.6,11.9,82,39.1
Tim Duncan,1998-99,3.2,8.2,11.4,50,39.3
Tim Duncan,1999-00,3.5,8.9,12.4,74,38.9
Tim Duncan,2000-01,3.2,9.0,12.2,82,38.7
Tim Duncan,2001-02,3.3,9.4,12.7,82,40.6
Tim Duncan,2002-03,3.2,9.7,12.9,81,39.3
Tim Duncan,2003-04,3.3,9.2,12.4,69,36.6
Tim Duncan,2004-05,3.1,8.0,11.1,66,33.4
Tim Duncan,2005-06,2.9,8.1,11.0,80,34.8
Tim Duncan,2006-07,2.7,7.9,10.6,80,34.1
Tim Duncan,2007-08,3.0,8.3,11.3,78,34.0
Tim Duncan,2008-09,2.7,8.0,10.7,75,33.6
Tim Duncan,2009-10,2.8,7.3,10.1,78,31.3
Tim Duncan,2010-11,2.2,6.7,8.9,76,28.4
Tim Duncan,2011-12,1.9,7.1,9.0,58,28.2
Tim Duncan,2012-13,1.8,8.1,9.9,69,30.1
Tim Duncan,2013-14,2.1,7.6,9.7,74,29.2
Tim Duncan,2014-15,2.2,6.9,9.1,77,28.9
Tim Duncan,2015-16,1.9,5.4,7.3,61,25.2
Kevin Durant,2007-08,0.9,3.5,4.4,80,34.6
Kevin Durant,2008-09,1.0,5.5,6.5,74,39.0
Kevin Durant,2009-10,1.3,6.3,7.6,82,39.5
Kevin Durant,2010-11,0.7,6.1,6.8,78,38.9
Kevin Durant,2011-12,0.6,7.4,8.0,66,38.6
Kevin Durant,2012-13,0.6,7.3,7.9,81,38.5
Kevin Durant,2013-14,0.7,6.7,7.4,81,38.5
Kevin Durant,2014-15,0.6,6.0,6.6,27,33.8
Kevin Durant,2015-16,0.6,7.6,8.2,72,35.8
Kevin Durant,2016-17,0.6,7.6,8.3,62,33.4
Kevin Durant,2017-18,0.5,6.4,6.8,68,34.2
Kevin Durant,2018-19,0.4,5.9,6.4,78,34.6
Kevin Durant,2020-21,0.4,6.7,7.1,35,33.1
Kevin Durant,2021-22,0.5,6.9,7.4,55,37.2
Kevin Durant,2022-23,0.4,6.4,6.7,39,36.0
Kevin Durant,2022-23,0.4,6.0,6.4,8,33.6
Kevin Durant,2022-23,0.4,6.3,6.7,47,35.6
Kevin Durant,2023-24,0.5,6.1,6.6,75,37.2
Kevin Durant,2024-25,0.4,5.7,6.0,62,36.5
Kevin Durant,2025-26,0.5,4.9,5.4,71,36.4
Julius Erving,1976-77,2.3,6.1,8.5,82,35.9
Julius Erving,1977-78,2.4,4.1,6.5,74,32.8
Julius Erving,1978-79,2.5,4.7,7.2,78,35.9
Julius Erving,1979-80,2.8,4.6,7.4,78,36.1
Julius Erving,1980-81,3.0,5.0,8.0,82,35.0
Julius Erving,1981-82,2.7,4.2,6.9,81,34.4
Julius Erving,1982-83,2.4,4.4,6.8,72,33.6
Julius Erving,1983-84,2.5,4.4,6.9,77,34.8
Julius Erving,1984-85,2.2,3.1,5.3,78,32.5
Julius Erving,1985-86,2.3,2.7,5.0,74,33.4
Julius Erving,1986-87,1.9,2.5,4.4,60,32.0
Patrick Ewing,1985-86,2.5,6.5,9.0,50,35.4
Patrick Ewing,1986-87,2.5,6.3,8.8,63,35.0
Patrick Ewing,1987-88,3.0,5.3,8.2,82,31.0
Patrick Ewing,1988-89,2.7,6.6,9.3,80,36.2
Patrick Ewing,1989-90,2.9,8.0,10.9,82,38.6
Patrick Ewing,1990-91,2.4,8.8,11.2,81,38.3
Patrick Ewing,1991-92,2.8,8.5,11.2,82,38.4
Patrick Ewing,1992-93,2.4,9.7,12.1,81,37.1
Patrick Ewing,1993-94,2.8,8.4,11.2,79,37.6
Patrick Ewing,1994-95,2.0,9.0,11.0,79,37.0
Patrick Ewing,1995-96,2.1,8.5,10.6,76,36.6
Patrick Ewing,1996-97,2.2,8.4,10.7,78,37.0
Patrick Ewing,1997-98,2.3,7.9,10.2,26,32.6
Patrick Ewing,1998-99,1.9,8.0,9.9,38,34.2
Patrick Ewing,1999-00,2.3,7.5,9.7,62,32.8
Patrick Ewing,2000-01,1.6,5.8,7.4,79,26.7
Patrick Ewing,2001-02,0.9,3.1,4.0,65,13.9
Walt Frazier,1967-68,,,4.2,74,21.5
Walt Frazier,1968-69,,,6.2,80,36.9
Walt Frazier,1969-70,,,6.0,77,39.5
Walt Frazier,1970-71,,,6.8,80,43.2
Walt Frazier,1971-72,,,6.7,77,40.6
Walt Frazier,1972-73,,,7.3,78,40.8
Walt Frazier,1973-74,1.5,5.2,6.7,80,41.7
Walt Frazier,1974-75,1.2,4.8,6.0,78,41.1
Walt Frazier,1975-76,1.3,5.4,6.8,59,41.1
Walt Frazier,1976-77,0.7,3.2,3.9,76,35.4
Walt Frazier,1977-78,1.1,3.0,4.1,51,32.6
Walt Frazier,1978-79,0.6,1.1,1.7,12,23.3
Walt Frazier,1979-80,0.3,0.7,1.0,3,9.0
Kevin Garnett,1995-96,2.2,4.1,6.3,80,28.7
Kevin Garnett,1996-97,2.5,5.6,8.0,77,38.8
Kevin Garnett,1997-98,2.7,6.9,9.6,82,39.3
Kevin Garnett,1998-99,3.5,6.9,10.4,47,37.9
Kevin Garnett,1999-00,2.8,9.0,11.8,81,40.0
Kevin Garnett,2000-01,2.7,8.7,11.4,81,39.5
Kevin Garnett,2001-02,3.0,9.1,12.1,81,39.2
Kevin Garnett,2002-03,3.0,10.5,13.4,82,40.5
Kevin Garnett,2003-04,3.0,10.9,13.9,82,39.4
Kevin Garnett,2004-05,3.0,10.5,13.5,82,38.1
Kevin Garnett,2005-06,2.8,9.9,12.7,76,38.9
Kevin Garnett,2006-07,2.4,10.4,12.8,76,39.4
Kevin Garnett,2007-08,1.9,7.3,9.2,71,32.8
Kevin Garnett,2008-09,1.4,7.1,8.5,57,31.1
Kevin Garnett,2009-10,1.1,6.2,7.3,69,29.9
Kevin Garnett,2010-11,1.2,7.7,8.9,71,31.3
Kevin Garnett,2011-12,1.1,7.1,8.2,60,31.1
Kevin Garnett,2012-13,1.1,6.7,7.8,68,29.7
Kevin Garnett,2013-14,1.1,5.5,6.6,54,20.5
Kevin Garnett,2014-15,1.1,5.7,6.8,42,20.3
Kevin Garnett,2014-15,0.4,4.8,5.2,5,19.6
Kevin Garnett,2014-15,1.0,5.6,6.6,47,20.3
Kevin Garnett,2015-16,0.4,3.6,3.9,38,14.6
George Gervin,1976-77,1.6,3.9,5.5,82,33.0
George Gervin,1977-78,1.4,3.7,5.1,82,34.8
George Gervin,1978-79,1.8,3.2,5.0,80,36.1
George Gervin,1979-80,2.0,3.2,5.2,78,37.6
George Gervin,1980-81,1.5,3.6,5.1,82,33.7
George Gervin,1981-82,1.7,3.2,5.0,79,35.7
George Gervin,1982-83,1.4,3.2,4.6,78,36.3
George Gervin,1983-84,1.4,2.7,4.1,76,34.0
George Gervin,1984-85,1.1,2.2,3.3,72,29.0
George Gervin,1985-86,1.0,1.7,2.6,82,25.2
Hal Greer,1958-59,,,2.9,68,23.9
Hal Greer,1959-60,,,4.3,70,28.3
Hal Greer,1960-61,,,5.8,79,35.0
Hal Greer,1961-62,,,7.4,71,38.1
Hal Greer,1962-63,,,5.7,80,32.9
Hal Greer,1963-64,,,6.1,80,39.5
Hal Greer,1964-65,,,5.1,70,37.1
Hal Greer,1965-66,,,5.9,80,41.6
Hal Greer,1966-67,,,5.3,80,38.6
Hal Greer,1967-68,,,5.4,82,39.8
Hal Greer,1968-69,,,5.3,82,40.4
Hal Greer,1969-70,,,4.7,80,37.8
Hal Greer,1970-71,,,4.5,81,37.8
Hal Greer,1971-72,,,3.3,81,29.8
Hal Greer,1972-73,,,2.8,38,22.3
James Harden,2009-10,0.6,2.6,3.2,76,22.9
James Harden,2010-11,0.5,2.6,3.1,82,26.7
James Harden,2011-12,0.5,3.6,4.1,62,31.4
James Harden,2012-13,0.8,4.1,4.9,78,38.3
James Harden,2013-14,0.8,3.9,4.7,73,38.0
James Harden,2014-15,0.9,4.7,5.7,81,36.8
James Harden,2015-16,0.8,5.3,6.1,82,38.1
James Harden,2016-17,1.2,7.0,8.1,81,36.4
James Harden,2017-18,0.6,4.8,5.4,72,35.4
James Harden,2018-19,0.8,5.8,6.6,78,36.8
James Harden,2019-20,1.0,5.5,6.6,68,36.5
James Harden,2020-21,0.6,4.5,5.1,8,36.3
James Harden,2020-21,0.8,7.7,8.5,36,36.6
James Harden,2020-21,0.8,7.1,7.9,44,36.6
James Harden,2021-22,1.0,7.0,8.0,44,37.0
James Harden,2021-22,0.6,6.5,7.1,21,37.7
James Harden,2021-22,0.8,6.8,7.7,65,37.2
James Harden,2022-23,0.7,5.4,6.1,58,36.8
James Harden,2023-24,0.5,4.7,5.1,72,34.3
James Harden,2024-25,0.7,5.1,5.8,79,35.3
James Harden,2025-26,0.6,4.2,4.8,44,35.4
James Harden,2025-26,0.6,4.8,5.4,20,34.2
James Harden,2025-26,0.6,4.4,5.0,64,35.0
John Havlicek,1962-63,,,6.7,80,27.5
John Havlicek,1963-64,,,5.4,80,32.3
John Havlicek,1964-65,,,4.9,75,28.9
John Havlicek,1965-66,,,6.0,71,30.6
John Havlicek,1966-67,,,6.6,81,32.1
John Havlicek,1967-68,,,6.7,82,35.6
John Havlicek,1968-69,,,7.0,82,38.7
John Havlicek,1969-70,,,7.8,81,41.6
John Havlicek,1970-71,,,9.0,81,45.4
John Havlicek,1971-72,,,8.2,82,45.1
John Havlicek,1972-73,,,7.1,80,42.1
John Havlicek,1973-74,1.8,4.6,6.4,76,40.7
John Havlicek,1974-75,1.9,4.0,5.9,82,38.2
John Havlicek,1975-76,1.5,2.6,4.1,76,34.2
John Havlicek,1976-77,1.4,3.5,4.8,79,36.9
John Havlicek,1977-78,1.1,2.9,4.0,82,34.1
Elvin Hayes,1968-69,,,17.1,82,45.1
Elvin Hayes,1969-70,,,16.9,82,44.7
Elvin Hayes,1970-71,,,16.6,82,44.3
Elvin Hayes,1971-72,,,14.6,82,42.2
Elvin Hayes,1972-73,,,14.5,81,41.3
Elvin Hayes,1973-74,4.4,13.7,18.1,81,44.5
Elvin Hayes,1974-75,2.7,9.5,12.2,82,42.3
Elvin Hayes,1975-76,2.6,8.4,11.0,80,37.2
Elvin Hayes,1976-77,3.5,9.0,12.5,82,41.0
Elvin Hayes,1977-78,4.1,9.1,13.3,81,40.1
Elvin Hayes,1978-79,3.8,8.3,12.1,82,37.9
Elvin Hayes,1979-80,3.3,7.7,11.1,81,39.3
Elvin Hayes,1980-81,2.9,6.8,9.7,81,36.2
Elvin Hayes,1981-82,3.3,5.9,9.1,82,37.0
Elvin Hayes,1982-83,2.5,5.1,7.6,81,28.4
Elvin Hayes,1983-84,1.1,2.1,3.2,81,12.3
Allen Iverson,1996-97,1.5,2.6,4.1,76,40.0
Allen Iverson,1997-98,1.1,2.6,3.7,80,39.4
Allen Iverson,1998-99,1.4,3.5,4.9,48,41.5
Allen Iverson,1999-00,1.0,2.8,3.8,70,40.8
Allen Iverson,2000-01,0.7,3.1,3.8,71,42.0
Allen Iverson,2001-02,0.7,3.8,4.5,60,43.7
Allen Iverson,2002-03,0.8,3.4,4.2,82,42.5
Allen Iverson,2003-04,0.7,3.0,3.7,48,42.5
Allen Iverson,2004-05,0.7,3.3,4.0,75,42.3
Allen Iverson,2005-06,0.6,2.6,3.2,72,43.1
Allen Iverson,2006-07,0.5,2.3,2.7,15,42.7
Allen Iverson,2006-07,0.3,2.7,3.0,50,42.4
Allen Iverson,2006-07,0.4,2.6,3.0,65,42.5
Allen Iverson,2007-08,0.6,2.4,3.0,82,41.8
Allen Iverson,2008-09,1.0,1.7,2.7,3,41.0
Allen Iverson,2008-09,0.5,2.6,3.1,54,36.5
Allen Iverson,2008-09,0.5,2.5,3.0,57,36.7
Allen Iverson,2009-10,0.3,1.0,1.3,3,22.3
Allen Iverson,2009-10,0.6,2.4,3.0,25,31.9
Allen Iverson,2009-10,0.6,2.3,2.8,28,30.9
LeBron James,2003-04,1.3,4.2,5.5,79,39.5
LeBron James,2004-05,1.4,6.0,7.4,80,42.4
LeBron James,2005-06,0.9,6.1,7.0,79,42.5
LeBron James,2006-07,1.1,5.7,6.7,78,40.9
LeBron James,2007-08,1.8,6.1,7.9,75,40.4
LeBron James,2008-09,1.3,6.3,7.6,81,37.7
LeBron James,2009-10,0.9,6.4,7.3,76,39.0
LeBron James,2010-11,1.0,6.5,7.5,79,38.8
LeBron James,2011-12,1.5,6.4,7.9,62,37.5
LeBron James,2012-13,1.3,6.8,8.0,76,37.9
LeBron James,2013-14,1.1,5.9,6.9,77,37.7
LeBron James,2014-15,0.7,5.3,6.0,69,36.1
LeBron James,2015-16,1.5,6.0,7.4,76,35.6
LeBron James,2016-17,1.3,7.3,8.6,74,37.8
LeBron James,2017-18,1.2,7.5,8.6,82,36.9
LeBron James,2018-19,1.0,7.4,8.5,55,35.2
LeBron James,2019-20,1.0,6.9,7.8,67,34.6
LeBron James,2020-21,0.6,7.0,7.7,45,33.4
LeBron James,2021-22,1.1,7.1,8.2,56,37.2
LeBron James,2022-23,1.2,7.1,8.3,55,35.5
LeBron James,2023-24,0.9,6.4,7.3,71,35.3
LeBron James,2024-25,1.0,6.8,7.8,70,34.9
LeBron James,2025-26,0.8,5.2,6.0,53,33.6
Magic Johnson,1979-80,2.2,5.6,7.7,77,36.3
Magic Johnson,1980-81,2.7,5.9,8.6,37,37.1
Magic Johnson,1981-82,3.2,6.4,9.6,78,38.3
Magic Johnson,1982-83,2.7,5.9,8.6,79,36.8
Magic Johnson,1983-84,1.5,5.9,7.3,67,38.3
Magic Johnson,1984-85,1.2,5.0,6.2,77,36.1
Magic Johnson,1985-86,1.2,4.7,5.9,72,35.8
Magic Johnson,1986-87,1.5,4.8,6.3,80,36.3
Magic Johnson,1987-88,1.2,5.0,6.2,72,36.6
Magic Johnson,1988-89,1.4,6.4,7.9,77,37.5
Magic Johnson,1989-90,1.6,5.0,6.6,79,37.2
Magic Johnson,1990-91,1.3,5.6,7.0,79,37.1
Magic Johnson,1995-96,1.3,4.5,5.7,32,29.9
Sam Jones,1957-58,,,2.9,56,10.6
Sam Jones,1958-59,,,6.0,71,20.6
Sam Jones,1959-60,,,5.1,74,20.4
Sam Jones,1960-61,,,5.4,78,26.0
Sam Jones,1961-62,,,5.9,78,30.6
Sam Jones,1962-63,,,5.2,76,30.6
Sam Jones,1963-64,,,4.6,76,31.3
Sam Jones,1964-65,,,5.1,80,36.1
Sam Jones,1965-66,,,5.2,67,32.2
Sam Jones,1966-67,,,4.7,72,32.3
Sam Jones,1967-68,,,4.9,73,33.0
Sam Jones,1968-69,,,3.8,70,26.0
Michael Jordan,1984-85,2.0,4.5,6.5,82,38.3
Michael Jordan,1985-86,1.3,2.3,3.6,18,25.1
Michael Jordan,1986-87,2.0,3.2,5.2,82,40.0
Michael Jordan,1987-88,1.7,3.8,5.5,82,40.4
Michael Jordan,1988-89,1.8,6.2,8.0,81,40.2
Michael Jordan,1989-90,1.7,5.1,6.9,82,39.0
Michael Jordan,1990-91,1.4,4.6,6.0,82,37.0
Michael Jordan,1991-92,1.1,5.3,6.4,80,38.8
Michael Jordan,1992-93,1.7,5.0,6.7,78,39.3
Michael Jordan,1994-95,1.5,5.4,6.9,17,39.3
Michael Jordan,1995-96,1.8,4.8,6.6,82,37.7
Michael Jordan,1996-97,1.4,4.5,5.9,82,37.9
Michael Jordan,1997-98,1.6,4.2,5.8,82,38.8
Michael Jordan,2001-02,0.8,4.8,5.7,60,34.8
Michael Jordan,2002-03,0.9,5.2,6.1,82,37.0
Jason Kidd,1994-95,1.9,3.5,5.4,79,33.8
Jason Kidd,1995-96,2.5,4.3,6.8,81,37.5
Jason Kidd,1996-97,1.4,2.7,4.1,22,36.0
Jason Kidd,1996-97,1.0,3.8,4.8,33,35.5
Jason Kidd,1996-97,1.2,3.4,4.5,55,35.7
Jason Kidd,1997-98,1.3,4.9,6.2,82,38.0
Jason Kidd,1998-99,1.7,5.0,6.8,50,41.2
Jason Kidd,1999-00,1.4,5.8,7.2,67,39.0
Jason Kidd,2000-01,1.2,5.2,6.4,77,39.8
Jason Kidd,2001-02,1.6,5.7,7.3,82,37.3
Jason Kidd,2002-03,1.4,4.9,6.3,80,37.4
Jason Kidd,2003-04,1.3,5.1,6.4,67,36.6
Jason Kidd,2004-05,1.4,6.0,7.4,66,36.9
Jason Kidd,2005-06,1.1,6.2,7.3,80,37.2
Jason Kidd,2006-07,1.7,6.5,8.2,80,36.7
Jason Kidd,2007-08,1.1,6.9,8.1,51,37.2
Jason Kidd,2007-08,1.2,5.2,6.5,29,34.9
Jason Kidd,2007-08,1.2,6.3,7.5,80,36.3
Jason Kidd,2008-09,1.0,5.1,6.2,81,35.6
Jason Kidd,2009-10,0.6,5.0,5.6,80,36.0
Jason Kidd,2010-11,0.4,4.0,4.4,80,33.2
Jason Kidd,2011-12,0.3,3.8,4.1,48,28.7
Jason Kidd,2012-13,0.7,3.6,4.3,76,26.9
Kawhi Leonard,2011-12,1.6,3.5,5.1,64,24.0
Kawhi Leonard,2012-13,1.1,4.9,6.0,58,31.2
Kawhi Leonard,2013-14,1.2,5.1,6.2,66,29.1
Kawhi Leonard,2014-15,1.3,5.9,7.2,64,31.8
Kawhi Leonard,2015-16,1.3,5.5,6.8,72,33.1
Kawhi Leonard,2016-17,1.1,4.7,5.8,74,33.4
Kawhi Leonard,2017-18,0.7,4.0,4.7,9,23.3
Kawhi Leonard,2018-19,1.3,6.0,7.3,60,34.0
Kawhi Leonard,2019-20,0.9,6.1,7.1,57,32.4
Kawhi Leonard,2020-21,1.1,5.4,6.5,52,34.1
Kawhi Leonard,2022-23,1.1,5.4,6.5,52,33.6
Kawhi Leonard,2023-24,1.2,4.9,6.1,68,34.3
Kawhi Leonard,2024-25,0.9,5.0,5.9,37,31.9
Kawhi Leonard,2025-26,1.1,5.3,6.3,59,32.0
Damian Lillard,2012-13,0.5,2.6,3.1,82,38.6
Damian Lillard,2013-14,0.4,3.1,3.5,82,35.8
Damian Lillard,2014-15,0.6,4.0,4.6,82,35.7
Damian Lillard,2015-16,0.6,3.4,4.0,75,35.7
Damian Lillard,2016-17,0.6,4.3,4.9,75,35.9
Damian Lillard,2017-18,0.8,3.6,4.5,73,36.6
Damian Lillard,2018-19,0.9,3.8,4.6,80,35.5
Damian Lillard,2019-20,0.5,3.8,4.3,66,37.5
Damian Lillard,2020-21,0.5,3.7,4.2,67,35.8
Damian Lillard,2021-22,0.4,3.7,4.1,29,36.4
Damian Lillard,2022-23,0.8,4.0,4.8,58,36.3
Damian Lillard,2023-24,0.5,3.9,4.4,73,35.3
Damian Lillard,2024-25,0.5,4.2,4.7,58,36.1
Jerry Lucas,1963-64,,,17.4,79,41.4
Jerry Lucas,1964-65,,,20.0,66,43.4
Jerry Lucas,1965-66,,,21.1,79,44.5
Jerry Lucas,1966-67,,,19.1,81,43.9
Jerry Lucas,1967-68,,,19.0,82,44.1
Jerry Lucas,1968-69,,,18.4,74,41.6
Jerry Lucas,1969-70,,,11.3,4,29.5
Jerry Lucas,1969-70,,,14.4,63,36.5
Jerry Lucas,1969-70,,,14.2,67,36.1
Jerry Lucas,1970-71,,,15.8,80,40.6
Jerry Lucas,1971-72,,,13.1,77,38.0
Jerry Lucas,1972-73,,,7.2,71,28.2
Jerry Lucas,1973-74,0.8,4.3,5.1,73,22.3
Karl Malone,1985-86,2.1,6.7,8.9,81,30.6
Karl Malone,1986-87,3.4,7.0,10.4,82,34.8
Karl Malone,1987-88,3.4,8.6,12.0,82,39.0
Karl Malone,1988-89,3.2,7.4,10.7,80,39.1
Karl Malone,1989-90,2.8,8.3,11.1,82,38.1
Karl Malone,1990-91,2.9,8.9,11.8,82,40.3
Karl Malone,1991-92,2.8,8.4,11.2,81,37.7
Karl Malone,1992-93,2.8,8.4,11.2,82,37.8
Karl Malone,1993-94,2.9,8.6,11.5,82,40.6
Karl Malone,1994-95,1.9,8.7,10.6,82,38.1
Karl Malone,1995-96,2.1,7.7,9.8,82,38.0
Karl Malone,1996-97,2.4,7.5,9.9,82,36.6
Karl Malone,1997-98,2.3,8.0,10.3,81,37.4
Karl Malone,1998-99,2.2,7.3,9.4,49,37.4
Karl Malone,1999-00,2.1,7.4,9.5,82,35.9
Karl Malone,2000-01,1.4,6.9,8.3,81,35.7
Karl Malone,2001-02,1.8,6.8,8.6,80,38.0
Karl Malone,2002-03,1.4,6.4,7.8,81,36.2
Karl Malone,2003-04,1.5,7.3,8.7,42,32.7
Moses Malone,1976-77,0.0,0.5,0.5,2,3.0
Moses Malone,1976-77,5.5,7.9,13.4,80,31.3
Moses Malone,1976-77,5.3,7.7,13.1,82,30.6
Moses Malone,1977-78,6.4,8.6,15.0,59,35.7
Moses Malone,1978-79,7.2,10.5,17.6,82,41.3
Moses Malone,1979-80,7.0,7.5,14.5,82,38.3
Moses Malone,1980-81,5.9,8.8,14.8,80,40.6
Moses Malone,1981-82,6.9,7.8,14.7,81,42.0
Moses Malone,1982-83,5.7,9.6,15.3,78,37.5
Moses Malone,1983-84,5.0,8.4,13.4,71,36.8
Moses Malone,1984-85,4.9,8.2,13.1,79,37.4
Moses Malone,1985-86,4.6,7.2,11.8,74,36.6
Moses Malone,1986-87,4.7,6.6,11.3,73,34.1
Moses Malone,1987-88,4.7,6.5,11.2,79,34.1
Moses Malone,1988-89,4.8,7.0,11.8,81,35.5
Moses Malone,1989-90,4.5,5.5,10.0,81,33.8
Moses Malone,1990-91,3.3,4.8,8.1,82,23.3
Moses Malone,1991-92,3.9,5.2,9.1,82,30.6
Moses Malone,1992-93,2.0,2.2,4.2,11,9.5
Moses Malone,1993-94,1.9,2.2,4.1,55,11.2
Moses Malone,1994-95,1.2,1.5,2.7,17,8.8
Pete Maravich,1970-71,,,3.7,81,36.1
Pete Maravich,1971-72,,,3.9,66,34.9
Pete Maravich,1972-73,,,4.4,79,39.1
Pete Maravich,1973-74,1.3,3.6,4.9,76,38.2
Pete Maravich,1974-75,1.2,4.2,5.3,79,36.1
Pete Maravich,1975-76,0.7,4.1,4.8,62,38.3
Pete Maravich,1976-77,1.2,3.9,5.1,73,41.7
Pete Maravich,1977-78,1.0,2.6,3.6,50,40.8
Pete Maravich,1978-79,0.7,1.8,2.5,49,37.2
Pete Maravich,1979-80,0.4,1.1,1.5,26,17.0
Pete Maravich,1979-80,0.4,1.9,2.4,17,30.7
Pete Maravich,1979-80,0.4,1.4,1.8,43,22.4
Bob McAdoo,1972-73,,,9.1,80,32.0
Bob McAdoo,1973-74,3.8,11.3,15.1,74,43.0
Bob McAdoo,1974-75,3.7,10.3,14.1,82,43.2
Bob McAdoo,1975-76,3.1,9.3,12.4,78,42.7
Bob McAdoo,1976-77,3.3,9.9,13.2,20,38.4
Bob McAdoo,1976-77,2.6,10.2,12.7,52,39.1
Bob McAdoo,1976-77,2.8,10.1,12.9,72,38.9
Bob McAdoo,1977-78,3.0,9.8,12.8,79,40.3
Bob McAdoo,1978-79,2.4,7.1,9.5,40,39.9
Bob McAdoo,1978-79,1.8,5.3,7.1,20,31.9
Bob McAdoo,1978-79,2.2,6.5,8.7,60,37.2
Bob McAdoo,1979-80,1.7,6.3,8.1,58,36.2
Bob McAdoo,1980-81,1.5,5.3,6.8,6,28.0
Bob McAdoo,1980-81,0.8,1.8,2.6,10,15.3
Bob McAdoo,1980-81,1.1,3.1,4.2,16,20.1
Bob McAdoo,1981-82,1.1,2.8,3.9,41,18.2
Bob McAdoo,1982-83,1.6,3.6,5.3,47,21.7
Bob McAdoo,1983-84,1.2,3.0,4.1,70,20.8
Bob McAdoo,1984-85,1.2,3.3,4.5,66,19.0
Bob McAdoo,1985-86,0.9,2.7,3.6,29,21.0
Kevin McHale,1980-81,1.9,2.5,4.4,82,20.1
Kevin McHale,1981-82,2.3,4.5,6.8,82,28.4
Kevin McHale,1982-83,2.6,4.1,6.7,82,28.6
Kevin McHale,1983-84,2.5,4.9,7.4,82,31.4
Kevin McHale,1984-85,2.9,6.1,9.0,79,33.6
Kevin McHale,1985-86,2.5,5.6,8.1,68,35.3
Kevin McHale,1986-87,3.2,6.7,9.9,77,39.7
Kevin McHale,1987-88,2.5,5.9,8.4,64,37.3
Kevin McHale,1988-89,2.9,5.3,8.2,78,36.9
Kevin McHale,1989-90,2.5,5.8,8.3,82,33.2
Kevin McHale,1990-91,2.1,4.9,7.1,68,30.4
Kevin McHale,1991-92,2.1,3.8,5.9,56,25.0
Kevin McHale,1992-93,1.3,3.7,5.0,71,23.3
George Mikan,1948-49,,,,60,
George Mikan,1949-50,,,,68,
George Mikan,1950-51,,,14.1,68,
George Mikan,1951-52,,,13.5,64,40.2
George Mikan,1952-53,,,14.4,70,37.9
George Mikan,1953-54,,,14.3,72,32.8
George Mikan,1955-56,,,8.3,37,20.7
Reggie Miller,1987-88,1.2,1.2,2.3,82,22.4
Reggie Miller,1988-89,1.0,3.0,3.9,74,34.3
Reggie Miller,1989-90,1.2,2.4,3.6,82,38.9
Reggie Miller,1990-91,1.0,2.4,3.4,82,36.2
Reggie Miller,1991-92,1.0,2.9,3.9,82,38.0
Reggie Miller,1992-93,0.8,2.3,3.1,82,36.0
Reggie Miller,1993-94,0.4,2.3,2.7,79,33.4
Reggie Miller,1994-95,0.4,2.2,2.6,81,32.9
Reggie Miller,1995-96,0.5,2.3,2.8,76,34.5
Reggie Miller,1996-97,0.7,2.9,3.5,81,36.6
Reggie Miller,1997-98,0.6,2.3,2.9,81,34.5
Reggie Miller,1998-99,0.5,2.2,2.7,50,35.7
Reggie Miller,1999-00,0.6,2.3,3.0,81,36.9
Reggie Miller,2000-01,0.5,3.0,3.5,81,39.3
Reggie Miller,2001-02,0.3,2.5,2.8,79,36.6
Reggie Miller,2002-03,0.3,2.2,2.5,70,30.2
Reggie Miller,2003-04,0.2,2.1,2.4,80,28.2
Reggie Miller,2004-05,0.3,2.1,2.4,66,31.9
Earl Monroe,1967-68,,,5.7,82,36.7
Earl Monroe,1968-69,,,3.5,80,38.4
Earl Monroe,1969-70,,,3.1,82,37.2
Earl Monroe,1970-71,,,2.6,81,35.1
Earl Monroe,1971-72,,,1.5,60,20.6
Earl Monroe,1971-72,,,2.7,3,34.3
Earl Monroe,1971-72,,,1.6,63,21.2
Earl Monroe,1972-73,,,3.3,75,31.6
Earl Monroe,1973-74,0.5,2.4,3.0,41,29.1
Earl Monroe,1974-75,0.7,3.5,4.2,78,36.1
Earl Monroe,1975-76,0.6,3.0,3.6,76,38.0
Earl Monroe,1976-77,0.6,2.3,2.9,77,34.5
Earl Monroe,1977-78,0.6,1.8,2.4,76,31.2
Earl Monroe,1978-79,0.4,0.8,1.2,64,21.8
Earl Monroe,1979-80,0.3,0.4,0.7,51,12.4
Steve Nash,1996-97,0.2,0.7,1.0,65,10.6
Steve Nash,1997-98,0.4,1.7,2.1,76,21.9
Steve Nash,1998-99,0.8,2.1,2.9,40,31.7
Steve Nash,1999-00,0.6,1.6,2.2,56,27.4
Steve Nash,2000-01,0.7,2.5,3.2,70,34.1
Steve Nash,2001-02,0.6,2.5,3.1,82,34.6
Steve Nash,2002-03,0.8,2.1,2.9,82,33.1
Steve Nash,2003-04,0.8,2.2,3.0,78,33.5
Steve Nash,2004-05,0.8,2.6,3.3,75,34.3
Steve Nash,2005-06,0.6,3.6,4.2,79,35.4
Steve Nash,2006-07,0.4,3.1,3.5,76,35.3
Steve Nash,2007-08,0.3,3.1,3.5,81,34.3
Steve Nash,2008-09,0.3,2.8,3.0,74,33.6
Steve Nash,2009-10,0.4,2.9,3.3,81,32.8
Steve Nash,2010-11,0.5,2.9,3.5,75,33.3
Steve Nash,2011-12,0.4,2.6,3.0,62,31.6
Steve Nash,2012-13,0.5,2.3,2.8,50,32.5
Steve Nash,2013-14,0.3,1.7,1.9,15,20.9
Dirk Nowitzki,1998-99,0.9,2.6,3.4,47,20.4
Dirk Nowitzki,1999-00,1.2,5.2,6.5,82,35.8
Dirk Nowitzki,2000-01,1.5,7.7,9.2,82,38.1
Dirk Nowitzki,2001-02,1.6,8.4,9.9,76,38.0
Dirk Nowitzki,2002-03,1.0,8.9,9.9,80,39.0
Dirk Nowitzki,2003-04,1.2,7.5,8.7,77,37.8
Dirk Nowitzki,2004-05,1.2,8.5,9.7,78,38.7
Dirk Nowitzki,2005-06,1.4,7.6,9.0,81,38.1
Dirk Nowitzki,2006-07,1.6,7.3,8.9,78,36.2
Dirk Nowitzki,2007-08,1.2,7.3,8.6,77,36.0
Dirk Nowitzki,2008-09,1.1,7.3,8.4,81,37.7
Dirk Nowitzki,2009-10,1.0,6.7,7.7,81,37.5
Dirk Nowitzki,2010-11,0.7,6.3,7.0,73,34.3
Dirk Nowitzki,2011-12,0.7,6.0,6.7,62,33.5
Dirk Nowitzki,2012-13,0.7,6.2,6.8,53,31.3
Dirk Nowitzki,2013-14,0.5,5.7,6.2,80,32.9
Dirk Nowitzki,2014-15,0.6,5.4,5.9,77,29.6
Dirk Nowitzki,2015-16,0.7,5.8,6.5,75,31.5
Dirk Nowitzki,2016-17,0.4,6.1,6.5,54,26.4
Dirk Nowitzki,2017-18,0.3,5.4,5.7,77,24.7
Dirk Nowitzki,2018-19,0.1,3.0,3.1,51,15.6
Hakeem Olajuwon,1984-85,5.4,6.5,11.9,82,35.5
Hakeem Olajuwon,1985-86,4.9,6.6,11.5,68,36.3
Hakeem Olajuwon,1986-87,4.2,7.2,11.4,75,36.8
Hakeem Olajuwon,1987-88,3.8,8.3,12.1,79,35.8
Hakeem Olajuwon,1988-89,4.1,9.4,13.5,82,36.9
Hakeem Olajuwon,1989-90,3.6,10.4,14.0,82,38.1
Hakeem Olajuwon,1990-91,3.9,9.8,13.8,56,36.8
Hakeem Olajuwon,1991-92,3.5,8.6,12.1,70,37.7
Hakeem Olajuwon,1992-93,3.5,9.6,13.0,82,39.5
Hakeem Olajuwon,1993-94,2.9,9.1,11.9,80,41.0
Hakeem Olajuwon,1994-95,2.4,8.4,10.8,72,39.6
Hakeem Olajuwon,1995-96,2.4,8.4,10.9,72,38.8
Hakeem Olajuwon,1996-97,2.2,7.0,9.2,78,36.6
Hakeem Olajuwon,1997-98,2.5,7.3,9.8,47,34.7
Hakeem Olajuwon,1998-99,2.1,7.4,9.6,50,35.7
Hakeem Olajuwon,1999-00,1.5,4.8,6.2,44,23.8
Hakeem Olajuwon,2000-01,2.1,5.3,7.4,58,26.6
Hakeem Olajuwon,2001-02,1.6,4.4,6.0,61,22.5
Shaquille O'Neal,1992-93,4.2,9.6,13.9,81,37.9
Shaquille O'Neal,1993-94,4.7,8.5,13.2,81,39.8
Shaquille O'Neal,1994-95,4.2,7.3,11.4,79,37.0
Shaquille O'Neal,1995-96,3.4,7.7,11.0,54,36.0
Shaquille O'Neal,1996-97,3.8,8.7,12.5,51,38.1
Shaquille O'Neal,1997-98,3.5,7.9,11.4,60,36.3
Shaquille O'Neal,1998-99,3.8,6.9,10.7,49,34.8
Shaquille O'Neal,1999-00,4.3,9.4,13.6,79,40.0
Shaquille O'Neal,2000-01,3.9,8.8,12.7,74,39.5
Shaquille O'Neal,2001-02,3.5,7.2,10.7,67,36.1
Shaquille O'Neal,2002-03,3.9,7.2,11.1,67,37.8
Shaquille O'Neal,2003-04,3.7,7.8,11.5,67,36.8
Shaquille O'Neal,2004-05,3.5,6.9,10.4,73,34.1
Shaquille O'Neal,2005-06,2.9,6.3,9.2,59,30.6
Shaquille O'Neal,2006-07,2.4,5.0,7.4,40,28.4
Shaquille O'Neal,2007-08,3.0,4.8,7.8,33,28.6
Shaquille O'Neal,2007-08,2.4,8.2,10.6,28,28.7
Shaquille O'Neal,2007-08,2.7,6.4,9.1,61,28.7
Shaquille O'Neal,2008-09,2.5,5.9,8.4,75,30.0
Shaquille O'Neal,2009-10,1.8,4.9,6.7,53,23.4
Shaquille O'Neal,2010-11,1.3,3.5,4.8,37,20.3
Robert Parish,1976-77,2.6,4.4,7.1,77,18.0
Robert Parish,1977-78,2.6,5.7,8.3,82,24.0
Robert Parish,1978-79,3.5,8.6,12.1,76,31.7
Robert Parish,1979-80,3.4,7.4,10.9,72,29.4
Robert Parish,1980-81,3.0,6.5,9.5,82,28.0
Robert Parish,1981-82,3.6,7.2,10.8,80,31.7
Robert Parish,1982-83,3.3,7.3,10.6,78,31.5
Robert Parish,1983-84,3.0,7.7,10.7,80,35.8
Robert Parish,1984-85,3.3,7.3,10.6,79,36.1
Robert Parish,1985-86,3.0,6.5,9.5,81,31.7
Robert Parish,1986-87,3.2,7.5,10.6,80,37.4
Robert Parish,1987-88,2.3,6.1,8.5,74,31.2
Robert Parish,1988-89,4.3,8.2,12.5,80,35.5
Robert Parish,1989-90,3.3,6.8,10.1,79,30.3
Robert Parish,1990-91,3.3,7.2,10.6,81,30.1
Robert Parish,1991-92,2.8,6.2,8.9,79,28.9
Robert Parish,1992-93,3.1,6.3,9.4,79,27.2
Robert Parish,1993-94,1.9,5.4,7.3,74,26.9
Robert Parish,1994-95,1.1,3.2,4.3,81,16.7
Robert Parish,1995-96,1.2,2.9,4.1,74,14.7
Robert Parish,1996-97,1.0,1.1,2.1,43,9.4
Chris Paul,2005-06,0.8,4.3,5.1,78,36.0
Chris Paul,2006-07,0.8,3.5,4.4,64,36.8
Chris Paul,2007-08,0.8,3.2,4.0,80,37.6
Chris Paul,2008-09,0.9,4.7,5.5,78,38.5
Chris Paul,2009-10,0.4,3.8,4.2,45,38.0
Chris Paul,2010-11,0.5,3.6,4.1,80,36.0
Chris Paul,2011-12,0.7,2.9,3.6,60,36.4
Chris Paul,2012-13,0.8,3.0,3.7,70,33.4
Chris Paul,2013-14,0.6,3.7,4.3,62,35.0
Chris Paul,2014-15,0.6,4.0,4.6,82,34.8
Chris Paul,2015-16,0.5,3.7,4.2,74,32.7
Chris Paul,2016-17,0.7,4.3,5.0,61,31.5
Chris Paul,2017-18,0.6,4.8,5.4,58,31.8
Chris Paul,2018-19,0.6,3.9,4.6,58,32.0
Chris Paul,2019-20,0.4,4.6,5.0,70,31.5
Chris Paul,2020-21,0.4,4.1,4.5,70,31.4
Chris Paul,2021-22,0.3,4.0,4.4,65,32.9
Chris Paul,2022-23,0.5,3.8,4.3,59,32.0
Chris Paul,2023-24,0.3,3.6,3.9,58,26.4
Chris Paul,2024-25,0.4,3.2,3.6,82,28.0
Chris Paul,2025-26,0.4,1.4,1.8,16,14.3
Gary Payton,1990-91,1.3,1.6,3.0,82,27.4
Gary Payton,1991-92,1.5,2.1,3.6,81,31.5
Gary Payton,1992-93,1.2,2.3,3.4,82,31.1
Gary Payton,1993-94,1.3,2.0,3.3,82,35.1
Gary Payton,1994-95,1.3,2.1,3.4,82,36.8
Gary Payton,1995-96,1.3,2.9,4.2,81,39.0
Gary Payton,1996-97,1.3,3.3,4.6,82,39.2
Gary Payton,1997-98,0.9,3.6,4.6,82,38.4
Gary Payton,1998-99,1.2,3.6,4.9,50,40.2
Gary Payton,1999-00,1.2,5.2,6.5,82,41.8
Gary Payton,2000-01,0.9,3.6,4.6,79,41.1
Gary Payton,2001-02,1.0,3.9,4.8,82,40.2
Gary Payton,2002-03,1.1,3.7,4.8,52,40.8
Gary Payton,2002-03,0.8,2.3,3.1,28,38.8
Gary Payton,2002-03,1.0,3.2,4.2,80,40.1
Gary Payton,2003-04,0.9,3.3,4.2,82,34.5
Gary Payton,2004-05,0.6,2.4,3.1,77,33.0
Gary Payton,2005-06,0.4,2.5,2.9,81,28.5
Gary Payton,2006-07,0.3,1.7,1.9,68,22.1
Bob Pettit,1954-55,,,13.8,72,36.9
Bob Pettit,1955-56,,,16.2,72,38.8
Bob Pettit,1956-57,,,14.6,71,35.1
Bob Pettit,1957-58,,,17.4,70,36.1
Bob Pettit,1958-59,,,16.4,72,39.9
Bob Pettit,1959-60,,,17.0,72,40.2
Bob Pettit,1960-61,,,20.3,76,39.8
Bob Pettit,1961-62,,,18.7,78,42.1
Bob Pettit,1962-63,,,15.1,79,39.1
Bob Pettit,1963-64,,,15.3,80,41.2
Bob Pettit,1964-65,,,12.4,50,35.1
Paul Pierce,1998-99,2.4,4.0,6.4,48,34.0
Paul Pierce,1999-00,1.1,4.3,5.4,73,35.4
Paul Pierce,2000-01,1.1,5.2,6.4,82,38.0
Paul Pierce,2001-02,1.0,5.9,6.9,82,40.2
Paul Pierce,2002-03,1.3,6.0,7.3,79,39.2
Paul Pierce,2003-04,0.9,5.7,6.5,80,38.8
Paul Pierce,2004-05,1.0,5.6,6.6,82,36.1
Paul Pierce,2005-06,1.0,5.7,6.7,79,39.0
Paul Pierce,2006-07,0.8,5.1,5.9,47,37.0
Paul Pierce,2007-08,0.7,4.5,5.1,80,35.9
Paul Pierce,2008-09,0.7,5.0,5.6,81,37.5
Paul Pierce,2009-10,0.5,3.8,4.4,71,34.0
Paul Pierce,2010-11,0.4,5.0,5.4,80,34.7
Paul Pierce,2011-12,0.6,4.6,5.2,61,34.0
Paul Pierce,2012-13,0.6,5.7,6.3,77,33.4
Paul Pierce,2013-14,0.3,4.3,4.6,75,28.0
Paul Pierce,2014-15,0.6,3.4,4.0,73,26.2
Paul Pierce,2015-16,0.2,2.6,2.7,68,18.1
Paul Pierce,2016-17,0.0,1.9,1.9,25,11.1
Scottie Pippen,1987-88,1.5,2.3,3.8,79,20.9
Scottie Pippen,1988-89,1.9,4.2,6.1,73,33.1
Scottie Pippen,1989-90,1.8,4.8,6.7,82,38.4
Scottie Pippen,1990-91,2.0,5.3,7.3,82,36.8
Scottie Pippen,1991-92,2.3,5.4,7.7,82,38.6
Scottie Pippen,1992-93,2.5,5.2,7.7,81,38.6
Scottie Pippen,1993-94,2.4,6.3,8.7,72,38.3
Scottie Pippen,1994-95,2.2,5.9,8.1,79,38.2
Scottie Pippen,1995-96,2.0,4.5,6.4,77,36.7
Scottie Pippen,1996-97,2.0,4.5,6.5,82,37.7
Scottie Pippen,1997-98,1.2,4.0,5.2,44,37.5
Scottie Pippen,1998-99,1.3,5.2,6.5,50,40.2
Scottie Pippen,1999-00,1.4,4.9,6.3,82,33.5
Scottie Pippen,2000-01,1.1,4.1,5.2,64,33.3
Scottie Pippen,2001-02,1.2,3.9,5.2,62,32.2
Scottie Pippen,2002-03,0.9,3.5,4.3,64,29.9
Scottie Pippen,2003-04,0.9,2.1,3.0,23,17.9
Willis Reed,1964-65,,,14.7,80,38.0
Willis Reed,1965-66,,,11.6,76,33.4
Willis Reed,1966-67,,,14.6,78,36.2
Willis Reed,1967-68,,,13.2,81,35.5
Willis Reed,1968-69,,,14.5,82,37.9
Willis Reed,1969-70,,,13.9,81,38.1
Willis Reed,1970-71,,,13.7,73,39.1
Willis Reed,1971-72,,,8.7,11,33.0
Willis Reed,1972-73,,,8.6,69,27.2
Willis Reed,1973-74,2.5,4.9,7.4,19,26.3
Oscar Robertson,1960-61,,,10.1,71,42.7
Oscar Robertson,1961-62,,,12.5,79,44.3
Oscar Robertson,1962-63,,,10.4,80,44.0
Oscar Robertson,1963-64,,,9.9,79,45.1
Oscar Robertson,1964-65,,,9.0,75,45.6
Oscar Robertson,1965-66,,,7.7,76,46.0
Oscar Robertson,1966-67,,,6.2,79,43.9
Oscar Robertson,1967-68,,,6.0,65,42.5
Oscar Robertson,1968-69,,,6.4,79,43.8
Oscar Robertson,1969-70,,,6.1,69,41.5
Oscar Robertson,1970-71,,,5.7,81,39.4
Oscar Robertson,1971-72,,,5.0,64,37.3
Oscar Robertson,1972-73,,,4.9,73,37.5
Oscar Robertson,1973-74,1.0,3.0,4.0,70,35.4
David Robinson,1989-90,3.7,8.3,12.0,82,36.6
David Robinson,1990-91,4.1,8.9,13.0,82,37.7
David Robinson,1991-92,3.8,8.4,12.2,68,37.7
David Robinson,1992-93,2.8,8.9,11.7,82,39.2
David Robinson,1993-94,3.0,7.7,10.7,80,40.5
David Robinson,1994-95,2.9,7.9,10.8,81,38.0
David Robinson,1995-96,3.9,8.3,12.2,82,36.8
David Robinson,1996-97,3.2,5.3,8.5,6,24.5
David Robinson,1997-98,3.3,7.3,10.6,73,33.7
David Robinson,1998-99,3.0,7.0,10.0,49,31.7
David Robinson,1999-00,2.4,7.2,9.6,80,32.0
David Robinson,2000-01,2.6,6.0,8.6,80,29.6
David Robinson,2001-02,2.4,5.8,8.3,78,29.6
David Robinson,2002-03,2.5,5.4,7.9,64,26.2
Dennis Rodman,1986-87,2.1,2.2,4.3,77,15.0
Dennis Rodman,1987-88,3.9,4.8,8.7,82,26.2
Dennis Rodman,1988-89,4.0,5.4,9.4,82,26.9
Dennis Rodman,1989-90,4.1,5.6,9.7,82,29.0
Dennis Rodman,1990-91,4.4,8.1,12.5,82,33.5
Dennis Rodman,1991-92,6.4,12.3,18.7,82,40.3
Dennis Rodman,1992-93,5.9,12.3,18.3,62,38.9
Dennis Rodman,1993-94,5.7,11.6,17.3,79,37.8
Dennis Rodman,1994-95,5.6,11.2,16.8,49,32.0
Dennis Rodman,1995-96,5.6,9.3,14.9,64,32.6
Dennis Rodman,1996-97,5.8,10.2,16.1,55,35.5
Dennis Rodman,1997-98,5.3,9.8,15.0,80,35.7
Dennis Rodman,1998-99,2.7,8.5,11.2,23,28.6
Dennis Rodman,1999-00,4.0,10.3,14.3,12,32.4
Bill Russell,1956-57,,,19.6,48,35.3
Bill Russell,1957-58,,,22.7,69,38.3
Bill Russell,1958-59,,,23.0,70,42.6
Bill Russell,1959-60,,,24.0,74,42.5
Bill Russell,1960-61,,,23.9,78,44.3
Bill Russell,1961-62,,,23.6,76,45.2
Bill Russell,1962-63,,,23.6,78,44.9
Bill Russell,1963-64,,,24.7,78,44.6
Bill Russell,1964-65,,,24.1,78,44.4
Bill Russell,1965-66,,,22.8,78,43.4
Bill Russell,1966-67,,,21.0,81,40.7
Bill Russell,1967-68,,,18.6,78,37.9
Bill Russell,1968-69,,,19.3,77,42.7
Dolph Schayes,1949-50,,,,64,
Dolph Schayes,1950-51,,,16.4,66,
Dolph Schayes,1951-52,,,12.3,63,31.8
Dolph Schayes,1952-53,,,13.0,71,37.6
Dolph Schayes,1953-54,,,12.1,72,36.9
Dolph Schayes,1954-55,,,12.3,72,35.1
Dolph Schayes,1955-56,,,12.4,72,35.0
Dolph Schayes,1956-57,,,14.0,72,39.6
Dolph Schayes,1957-58,,,14.2,72,40.5
Dolph Schayes,1958-59,,,13.4,72,36.7
Dolph Schayes,1959-60,,,12.8,75,36.5
Dolph Schayes,1960-61,,,12.2,79,38.1
Dolph Schayes,1961-62,,,7.8,56,26.4
Dolph Schayes,1962-63,,,5.7,66,21.8
Dolph Schayes,1963-64,,,4.6,24,14.6
Bill Sharman,1950-51,,,3.1,31,
Bill Sharman,1951-52,,,3.5,63,22.0
Bill Sharman,1952-53,,,4.1,71,32.9
Bill Sharman,1953-54,,,3.5,72,34.3
Bill Sharman,1954-55,,,4.4,68,36.1
Bill Sharman,1955-56,,,3.6,72,37.5
Bill Sharman,1956-57,,,4.3,67,35.9
Bill Sharman,1957-58,,,4.7,63,35.1
Bill Sharman,1958-59,,,4.1,72,33.1
Bill Sharman,1959-60,,,3.7,71,27.0
Bill Sharman,1960-61,,,3.7,61,25.2
John Stockton,1984-85,0.3,1.0,1.3,82,18.2
John Stockton,1985-86,0.4,1.8,2.2,82,23.6
John Stockton,1986-87,0.4,1.5,1.8,82,22.7
John Stockton,1987-88,0.7,2.2,2.9,82,34.7
John Stockton,1988-89,1.0,2.0,3.0,82,38.7
John Stockton,1989-90,0.7,1.9,2.6,78,37.4
John Stockton,1990-91,0.6,2.3,2.9,82,37.8
John Stockton,1991-92,0.8,2.5,3.3,82,36.6
John Stockton,1992-93,0.8,2.1,2.9,82,34.9
John Stockton,1993-94,0.9,2.3,3.1,82,36.2
John Stockton,1994-95,0.7,2.4,3.1,82,35.0
John Stockton,1995-96,0.7,2.1,2.8,82,35.5
John Stockton,1996-97,0.5,2.2,2.8,82,35.3
John Stockton,1997-98,0.5,2.0,2.6,64,29.0
John Stockton,1998-99,0.6,2.3,2.9,50,28.2
John Stockton,1999-00,0.5,2.1,2.6,82,29.7
John Stockton,2000-01,0.7,2.1,2.8,82,29.2
John Stockton,2001-02,0.7,2.5,3.2,82,31.3
John Stockton,2002-03,0.6,1.8,2.5,82,27.7
Isiah Thomas,1981-82,0.8,2.1,2.9,72,33.8
Isiah Thomas,1982-83,1.3,2.8,4.0,81,38.2
Isiah Thomas,1983-84,1.3,2.7,4.0,82,36.7
Isiah Thomas,1984-85,1.4,3.0,4.5,81,38.1
Isiah Thomas,1985-86,1.1,2.5,3.6,77,36.2
Isiah Thomas,1986-87,1.0,2.9,3.9,81,37.2
Isiah Thomas,1987-88,0.8,2.6,3.4,81,36.1
Isiah Thomas,1988-89,0.6,2.8,3.4,80,36.6
Isiah Thomas,1989-90,0.9,2.9,3.8,81,37.0
Isiah Thomas,1990-91,0.7,2.6,3.3,48,34.5
Isiah Thomas,1991-92,0.9,2.3,3.2,78,37.4
Isiah Thomas,1992-93,0.9,2.0,2.9,79,37.0
Isiah Thomas,1993-94,0.8,1.9,2.7,58,30.2
Nate Thurmond,1963-64,,,10.4,76,25.9
Nate Thurmond,1964-65,,,18.1,77,41.2
Nate Thurmond,1965-66,,,18.0,73,39.6
Nate Thurmond,1966-67,,,21.3,65,42.5
Nate Thurmond,1967-68,,,22.0,51,43.6
Nate Thurmond,1968-69,,,19.7,71,45.2
Nate Thurmond,1969-70,,,17.7,43,44.6
Nate Thurmond,1970-71,,,13.8,82,40.9
Nate Thurmond,1971-72,,,16.1,78,43.1
Nate Thurmond,1972-73,,,17.1,79,43.3
Nate Thurmond,1973-74,4.0,10.1,14.2,62,39.7
Nate Thurmond,1974-75,3.2,8.1,11.3,80,34.5
Nate Thurmond,1975-76,1.6,3.7,5.3,65,17.4
Nate Thurmond,1975-76,1.1,4.4,5.5,13,20.0
Nate Thurmond,1975-76,1.5,3.8,5.3,78,17.9
Nate Thurmond,1976-77,2.5,5.2,7.6,49,20.3
Wes Unseld,1968-69,,,18.2,82,36.2
Wes Unseld,1969-70,,,16.7,82,39.4
Wes Unseld,1970-71,,,16.9,74,39.2
Wes Unseld,1971-72,,,17.6,76,41.7
Wes Unseld,1972-73,,,15.9,79,39.1
Wes Unseld,1973-74,2.7,6.5,9.2,56,30.8
Wes Unseld,1974-75,4.4,10.4,14.8,73,39.8
Wes Unseld,1975-76,3.5,9.8,13.3,78,37.5
Wes Unseld,1976-77,3.0,7.7,10.7,82,34.9
Wes Unseld,1977-78,3.6,8.4,11.9,80,33.1
Wes Unseld,1978-79,3.6,7.2,10.8,77,31.2
Wes Unseld,1979-80,4.1,9.3,13.3,82,36.3
Wes Unseld,1980-81,3.3,7.4,10.7,63,32.3
Dwyane Wade,2003-04,1.4,2.7,4.0,61,34.9
Dwyane Wade,2004-05,1.4,3.7,5.2,77,38.6
Dwyane Wade,2005-06,1.4,4.3,5.7,75,38.6
Dwyane Wade,2006-07,1.0,3.7,4.7,51,37.9
Dwyane Wade,2007-08,0.9,3.3,4.2,51,38.3
Dwyane Wade,2008-09,1.1,3.9,5.0,79,38.6
Dwyane Wade,2009-10,1.4,3.5,4.8,77,36.3
Dwyane Wade,2010-11,1.6,4.8,6.4,76,37.1
Dwyane Wade,2011-12,1.5,3.3,4.8,49,33.2
Dwyane Wade,2012-13,1.2,3.7,5.0,69,34.7
Dwyane Wade,2013-14,1.1,3.4,4.5,54,32.9
Dwyane Wade,2014-15,0.9,2.6,3.5,62,31.8
Dwyane Wade,2015-16,1.1,3.0,4.1,74,30.5
Dwyane Wade,2016-17,1.1,3.5,4.5,60,29.9
Dwyane Wade,2017-18,0.8,3.1,3.9,46,23.2
Dwyane Wade,2017-18,0.5,2.9,3.4,21,22.2
Dwyane Wade,2017-18,0.7,3.0,3.8,67,22.9
Dwyane Wade,2018-19,1.0,3.0,4.0,72,26.2
Bill Walton,1974-75,2.6,10.0,12.6,35,32.9
Bill Walton,1975-76,2.6,10.8,13.4,51,33.1
Bill Walton,1976-77,3.2,11.1,14.4,65,34.8
Bill Walton,1977-78,2.0,11.2,13.2,58,33.3
Bill Walton,1979-80,2.0,7.0,9.0,14,24.1
Bill Walton,1982-83,2.3,7.5,9.8,33,33.3
Bill Walton,1983-84,2.4,6.3,8.7,55,26.8
Bill Walton,1984-85,2.5,6.4,9.0,67,24.6
Bill Walton,1985-86,1.7,5.1,6.8,80,19.3
Bill Walton,1986-87,1.1,2.0,3.1,10,11.2
Jerry West,1960-61,,,7.7,79,35.4
Jerry West,1961-62,,,7.9,75,41.2
Jerry West,1962-63,,,7.0,55,39.3
Jerry West,1963-64,,,6.2,72,40.4
Jerry West,1964-65,,,6.0,74,41.4
Jerry West,1965-66,,,7.1,79,40.7
Jerry West,1966-67,,,5.9,66,40.5
Jerry West,1967-68,,,5.8,51,37.6
Jerry West,1968-69,,,4.3,61,39.2
Jerry West,1969-70,,,4.6,74,42.0
Jerry West,1970-71,,,4.6,69,41.2
Jerry West,1971-72,,,4.2,77,38.6
Jerry West,1972-73,,,4.2,69,35.7
Jerry West,1973-74,1.0,2.8,3.7,31,31.2
Russell Westbrook,2008-09,2.2,2.7,4.9,82,32.5
Russell Westbrook,2009-10,1.7,3.1,4.9,82,34.3
Russell Westbrook,2010-11,1.5,3.1,4.6,82,34.7
Russell Westbrook,2011-12,1.5,3.1,4.6,66,35.3
Russell Westbrook,2012-13,1.4,3.9,5.2,82,34.9
Russell Westbrook,2013-14,1.2,4.5,5.7,46,30.7
Russell Westbrook,2014-15,1.9,5.4,7.3,67,34.4
Russell Westbrook,2015-16,1.8,6.0,7.8,80,34.4
Russell Westbrook,2016-17,1.7,9.0,10.7,81,34.6
Russell Westbrook,2017-18,1.9,8.2,10.1,80,36.4
Russell Westbrook,2018-19,1.5,9.6,11.1,73,36.0
Russell Westbrook,2019-20,1.8,6.2,7.9,57,35.9
Russell Westbrook,2020-21,1.7,9.9,11.5,65,36.4
Russell Westbrook,2021-22,1.4,6.0,7.4,78,34.3
Russell Westbrook,2022-23,1.1,5.0,6.2,52,28.7
Russell Westbrook,2022-23,1.4,3.4,4.9,21,30.2
Russell Westbrook,2022-23,1.2,4.6,5.8,73,29.1
Russell Westbrook,2023-24,1.4,3.7,5.0,68,22.5
Russell Westbrook,2024-25,1.4,3.6,4.9,75,27.9
Russell Westbrook,2025-26,1.3,4.2,5.4,64,29.0
Lenny Wilkens,1960-61,,,4.5,75,25.3
Lenny Wilkens,1961-62,,,6.6,20,43.5
Lenny Wilkens,1962-63,,,5.4,75,34.3
Lenny Wilkens,1963-64,,,4.3,78,32.4
Lenny Wilkens,1964-65,,,4.7,78,36.6
Lenny Wilkens,1965-66,,,4.7,69,39.0
Lenny Wilkens,1966-67,,,5.3,78,38.1
Lenny Wilkens,1967-68,,,5.3,82,38.6
Lenny Wilkens,1968-69,,,6.2,82,42.2
Lenny Wilkens,1969-70,,,5.0,75,37.4
Lenny Wilkens,1970-71,,,4.5,71,37.2
Lenny Wilkens,1971-72,,,4.2,80,37.4
Lenny Wilkens,1972-73,,,4.6,75,39.6
Lenny Wilkens,1973-74,1.1,2.7,3.7,74,33.6
Lenny Wilkens,1974-75,0.6,1.3,1.8,65,17.9
Dominique Wilkins,1982-83,2.8,3.1,5.8,82,32.9
Dominique Wilkins,1983-84,3.1,4.0,7.2,81,36.6
Dominique Wilkins,1984-85,2.8,4.1,6.9,81,37.3
Dominique Wilkins,1985-86,3.3,4.6,7.9,78,39.1
Dominique Wilkins,1986-87,2.7,3.6,6.3,79,37.6
Dominique Wilkins,1987-88,2.7,3.7,6.4,78,37.8
Dominique Wilkins,1988-89,3.2,3.7,6.9,80,37.5
Dominique Wilkins,1989-90,2.7,3.8,6.5,80,36.1
Dominique Wilkins,1990-91,3.2,5.8,9.0,81,38.0
Dominique Wilkins,1991-92,2.5,4.6,7.0,42,38.1
Dominique Wilkins,1992-93,2.6,4.2,6.8,71,37.3
Dominique Wilkins,1993-94,2.4,3.8,6.2,49,34.4
Dominique Wilkins,1993-94,2.5,4.5,7.0,25,37.9
Dominique Wilkins,1993-94,2.5,4.0,6.5,74,35.6
Dominique Wilkins,1994-95,2.0,3.2,5.2,77,31.5
Dominique Wilkins,1996-97,2.7,3.7,6.4,63,30.9
Dominique Wilkins,1998-99,1.1,1.5,2.6,27,9.3
James Worthy,1982-83,2.0,3.1,5.2,77,25.6
James Worthy,1983-84,1.9,4.4,6.3,82,29.5
James Worthy,1984-85,2.1,4.3,6.4,80,33.7
James Worthy,1985-86,1.8,3.3,5.2,75,32.7
James Worthy,1986-87,1.9,3.8,5.7,82,34.4
James Worthy,1987-88,1.7,3.3,5.0,75,35.4
James Worthy,1988-89,2.1,4.0,6.0,81,36.5
James Worthy,1989-90,2.0,4.0,6.0,80,37.0
James Worthy,1990-91,1.4,3.2,4.6,78,38.6
James Worthy,1991-92,1.8,3.8,5.6,54,39.0
James Worthy,1992-93,0.9,2.1,3.0,82,28.8
James Worthy,1993-94,0.6,1.7,2.3,80,20.0
Luka Doncic,2018-19,1.2,6.6,7.8,72,32.2
Luka Doncic,2019-20,1.3,8.1,9.4,61,33.6
Luka Doncic,2020-21,0.8,7.2,8.0,66,34.3
Luka Doncic,2021-22,0.9,8.3,9.1,65,35.4
Luka Doncic,2022-23,0.8,7.8,8.6,66,36.2
Luka Doncic,2023-24,0.8,8.4,9.2,70,37.5
Luka Doncic,2024-25,0.7,7.6,8.3,22,35.7
Luka Doncic,2024-25,0.9,7.2,8.1,28,35.1
Luka Doncic,2024-25,0.8,7.4,8.2,50,35.4
Luka Doncic,2025-26,0.7,7.2,7.8,62,36.0
Nikola Jokic,2015-16,2.3,4.7,7.0,80,21.7
Nikola Jokic,2016-17,2.9,6.9,9.8,73,27.9
Nikola Jokic,2017-18,2.6,8.1,10.7,75,32.6
Nikola Jokic,2018-19,2.9,8.0,10.8,80,31.3
Nikola Jokic,2019-20,2.3,7.5,9.7,73,32.0
Nikola Jokic,2020-21,2.8,8.0,10.8,72,34.6
Nikola Jokic,2021-22,2.8,11.0,13.8,74,33.5
Nikola Jokic,2022-23,2.4,9.4,11.8,69,33.7
Nikola Jokic,2023-24,2.8,9.5,12.4,79,34.6
Nikola Jokic,2024-25,2.9,9.9,12.7,70,36.7
Nikola Jokic,2025-26,2.9,10.0,12.9,60,34.9
Joel Embiid,2016-17,2.0,5.9,7.8,31,25.4
Joel Embiid,2017-18,2.3,8.7,11.0,63,30.3
Joel Embiid,2018-19,2.5,11.1,13.6,64,33.7
Joel Embiid,2019-20,2.8,8.9,11.6,51,29.5
Joel Embiid,2020-21,2.2,8.4,10.6,51,31.1
Joel Embiid,2021-22,2.1,9.6,11.7,68,33.8
Joel Embiid,2022-23,1.7,8.4,10.2,66,34.6
Joel Embiid,2023-24,2.4,8.6,11.0,39,33.6
Joel Embiid,2024-25,1.9,6.3,8.2,19,30.2
Joel Embiid,2025-26,1.9,5.5,7.5,35,31.2
Shai Gilgeous-Alexander,2018-19,0.7,2.1,2.8,82,26.5
Shai Gilgeous-Alexander,2019-20,0.7,5.2,5.9,70,34.7
Shai Gilgeous-Alexander,2020-21,0.5,4.2,4.7,35,33.7
Shai Gilgeous-Alexander,2021-22,0.7,4.3,5.0,56,34.7
Shai Gilgeous-Alexander,2022-23,0.9,4.0,4.8,68,35.5
Shai Gilgeous-Alexander,2023-24,0.9,4.7,5.5,75,34.0
Shai Gilgeous-Alexander,2024-25,0.9,4.1,5.0,76,34.2
Shai Gilgeous-Alexander,2025-26,0.5,3.8,4.3,63,33.4
Jayson Tatum,2017-18,0.6,4.4,5.0,80,30.5
Jayson Tatum,2018-19,0.9,5.2,6.0,79,31.1
Jayson Tatum,2019-20,1.0,6.0,7.0,66,34.3
Jayson Tatum,2020-21,0.8,6.6,7.4,64,35.8
Jayson Tatum,2021-22,1.1,6.9,8.0,76,35.9
Jayson Tatum,2022-23,1.1,7.7,8.8,74,36.9
Jayson Tatum,2023-24,0.9,7.2,8.1,74,35.7
Jayson Tatum,2024-25,0.7,8.0,8.7,72,36.4
Jayson Tatum,2025-26,0.6,8.5,9.1,11,31.0
Anthony Edwards,2020-21,0.8,3.8,4.7,72,32.1
Anthony Edwards,2021-22,0.9,3.9,4.8,72,34.3
Anthony Edwards,2022-23,0.6,5.2,5.8,79,36.0
Anthony Edwards,2023-24,0.7,4.8,5.4,79,35.1
Anthony Edwards,2024-25,0.8,4.9,5.7,79,36.3
Anthony Edwards,2025-26,0.6,4.5,5.1,58,35.5
Devin Booker,2015-16,0.4,2.1,2.5,76,27.7
Devin Booker,2016-17,0.6,2.6,3.2,78,35.0
Devin Booker,2017-18,0.5,4.0,4.5,54,34.5
Devin Booker,2018-19,0.6,3.5,4.1,64,35.0
Devin Booker,2019-20,0.4,3.8,4.2,70,35.9
Devin Booker,2020-21,0.5,3.7,4.2,67,33.9
Devin Booker,2021-22,0.7,4.4,5.0,68,34.5
Devin Booker,2022-23,0.9,3.7,4.5,53,34.6
Devin Booker,2023-24,0.8,3.7,4.5,68,36.0
Devin Booker,2024-25,1.0,3.1,4.1,75,37.3
Devin Booker,2025-26,0.8,3.1,3.9,58,33.4
Ja Morant,2019-20,0.8,3.1,3.9,67,31.0
Ja Morant,2020-21,0.9,3.1,4.0,63,32.6
Ja Morant,2021-22,1.4,4.4,5.7,57,33.1
Ja Morant,2022-23,1.0,4.9,5.9,61,31.9
Ja Morant,2023-24,0.7,4.9,5.6,9,35.3
Ja Morant,2024-25,0.7,3.4,4.1,50,30.4
Ja Morant,2025-26,0.4,2.9,3.3,20,28.5
Donovan Mitchell,2017-18,0.7,3.1,3.7,79,33.4
Donovan Mitchell,2018-19,0.8,3.3,4.1,77,33.7
Donovan Mitchell,2019-20,0.8,3.6,4.4,69,34.3
Donovan Mitchell,2020-21,0.9,3.5,4.4,53,33.4
Donovan Mitchell,2021-22,0.8,3.4,4.2,67,33.8
Donovan Mitchell,2022-23,0.9,3.3,4.3,68,35.8
Donovan Mitchell,2023-24,0.8,4.3,5.1,55,35.3
Donovan Mitchell,2024-25,0.8,3.7,4.5,71,31.4
Donovan Mitchell,2025-26,0.7,3.8,4.5,65,33.5
Kyrie Irving,2011-12,0.9,2.9,3.7,51,30.5
Kyrie Irving,2012-13,0.6,3.1,3.7,59,34.7
Kyrie Irving,2013-14,0.7,2.9,3.6,71,35.2
Kyrie Irving,2014-15,0.7,2.4,3.2,75,36.4
Kyrie Irving,2015-16,0.8,2.1,3.0,53,31.5
Kyrie Irving,2016-17,0.7,2.5,3.2,72,35.1
Kyrie Irving,2017-18,0.6,3.2,3.8,60,32.2
Kyrie Irving,2018-19,1.1,3.9,5.0,67,33.0
Kyrie Irving,2019-20,1.1,4.1,5.2,20,32.9
Kyrie Irving,2020-21,1.0,3.8,4.8,54,34.9
Kyrie Irving,2021-22,0.6,3.8,4.4,29,37.7
Kyrie Irving,2022-23,1.0,4.2,5.1,40,37.0
Kyrie Irving,2022-23,1.1,4.0,5.0,20,38.2
Kyrie Irving,2022-23,1.0,4.1,5.1,60,37.4
Kyrie Irving,2023-24,0.8,4.2,5.0,58,35.0
Kyrie Irving,2024-25,1.2,3.6,4.8,50,36.1
Jimmy Butler,2011-12,0.5,0.8,1.3,42,8.5
Jimmy Butler,2012-13,1.7,2.3,4.0,82,26.0
Jimmy Butler,2013-14,1.3,3.6,4.9,67,38.7
Jimmy Butler,2014-15,1.8,4.1,5.8,65,38.7
Jimmy Butler,2015-16,1.2,4.2,5.3,67,36.9
Jimmy Butler,2016-17,1.7,4.5,6.2,76,37.0
Jimmy Butler,2017-18,1.3,4.0,5.3,59,36.7
Jimmy Butler,2018-19,1.6,3.6,5.2,10,36.1
Jimmy Butler,2018-19,1.9,3.4,5.3,55,33.2
Jimmy Butler,2018-19,1.9,3.4,5.3,65,33.6
Jimmy Butler,2019-20,1.8,4.8,6.7,58,33.8
Jimmy Butler,2020-21,1.8,5.1,6.9,52,33.6
Jimmy Butler,2021-22,1.8,4.1,5.9,57,33.9
Jimmy Butler,2022-23,2.2,3.7,5.9,64,33.4
Jimmy Butler,2023-24,1.8,3.6,5.3,60,34.0
Jimmy Butler,2024-25,2.2,3.0,5.2,25,30.6
Jimmy Butler,2024-25,2.3,3.2,5.5,30,32.7
Jimmy Butler,2024-25,2.3,3.1,5.4,55,31.7
Jimmy Butler,2025-26,2.3,3.2,5.6,38,31.1
Tracy McGrady,1997-98,1.6,2.6,4.2,64,18.4
Tracy McGrady,1998-99,2.4,3.2,5.7,49,22.6
Tracy McGrady,1999-00,2.4,4.0,6.3,79,31.2
Tracy McGrady,2000-01,2.5,5.0,7.5,77,40.1
Tracy McGrady,2001-02,2.0,5.9,7.9,76,38.3
Tracy McGrady,2002-03,1.6,4.9,6.5,75,39.4
Tracy McGrady,2003-04,1.4,4.6,6.0,67,39.9
Tracy McGrady,2004-05,0.9,5.3,6.2,78,40.8
Tracy McGrady,2005-06,1.0,5.6,6.5,47,37.1
Tracy McGrady,2006-07,0.8,4.5,5.3,71,35.8
Tracy McGrady,2007-08,0.6,4.5,5.1,66,37.0
Tracy McGrady,2008-09,0.6,3.8,4.4,35,33.7
Tracy McGrady,2009-10,0.0,0.8,0.8,6,7.7
Tracy McGrady,2009-10,0.9,2.8,3.7,24,26.1
Tracy McGrady,2009-10,0.7,2.4,3.1,30,22.4
Tracy McGrady,2010-11,0.7,2.8,3.5,72,23.4
Tracy McGrady,2011-12,0.4,2.5,3.0,52,16.1
Yao Ming,2002-03,2.4,5.8,8.2,82,29.0
Yao Ming,2003-04,2.4,6.6,9.0,82,32.8
Yao Ming,2004-05,2.6,5.8,8.4,80,30.6
Yao Ming,2005-06,2.6,7.6,10.2,57,34.2
Yao Ming,2006-07,2.1,7.3,9.4,48,33.8
Yao Ming,2007-08,3.1,7.7,10.8,55,37.2
Yao Ming,2008-09,2.6,7.2,9.9,77,33.6
Yao Ming,2010-11,1.4,4.0,5.4,5,18.2
Dwight Howard,2004-05,3.5,6.5,10.0,82,32.6
Dwight Howard,2005-06,3.5,9.0,12.5,82,36.8
Dwight Howard,2006-07,3.5,8.8,12.3,82,36.9
Dwight Howard,2007-08,3.4,10.8,14.2,82,37.7
Dwight Howard,2008-09,4.3,9.6,13.8,79,35.7
Dwight Howard,2009-10,3.5,9.7,13.2,82,34.7
Dwight Howard,2010-11,4.0,10.1,14.1,78,37.6
Dwight Howard,2011-12,3.7,10.8,14.5,54,38.3
Dwight Howard,2012-13,3.3,9.1,12.4,76,35.8
Dwight Howard,2013-14,3.3,8.9,12.2,71,33.7
Dwight Howard,2014-15,2.7,7.8,10.5,41,29.8
Dwight Howard,2015-16,3.4,8.4,11.8,71,32.1
Dwight Howard,2016-17,4.0,8.7,12.7,74,29.7
Dwight Howard,2017-18,3.1,9.3,12.5,81,30.4
Dwight Howard,2018-19,2.7,6.6,9.2,9,25.6
Dwight Howard,2019-20,2.5,4.9,7.3,69,18.9
Dwight Howard,2020-21,2.8,5.7,8.4,69,17.3
Dwight Howard,2021-22,2.0,4.0,5.9,60,16.2
Vince Carter,1998-99,1.9,3.8,5.7,50,35.2
Vince Carter,1999-00,1.8,4.0,5.8,82,38.1
Vince Carter,2000-01,2.3,3.2,5.5,75,39.7
Vince Carter,2001-02,2.3,2.9,5.2,60,39.8
Vince Carter,2002-03,1.4,3.0,4.4,43,34.2
Vince Carter,2003-04,1.3,3.5,4.8,73,38.2
Vince Carter,2004-05,1.4,1.9,3.3,20,30.4
Vince Carter,2004-05,1.4,4.5,5.9,57,38.9
Vince Carter,2004-05,1.4,3.8,5.2,77,36.7
Vince Carter,2005-06,1.7,4.1,5.8,79,36.8
Vince Carter,2006-07,1.4,4.6,6.0,82,38.1
Vince Carter,2007-08,1.5,4.5,6.0,76,38.9
Vince Carter,2008-09,0.9,4.2,5.1,80,36.8
Vince Carter,2009-10,0.4,3.5,3.9,75,30.8
Vince Carter,2010-11,0.5,3.6,4.1,22,30.2
Vince Carter,2010-11,0.8,2.8,3.6,51,27.2
Vince Carter,2010-11,0.7,3.0,3.8,73,28.1
Vince Carter,2011-12,0.5,2.8,3.4,61,25.3
Vince Carter,2012-13,0.7,3.4,4.1,81,25.8
Vince Carter,2013-14,0.8,2.7,3.5,81,24.4
Vince Carter,2014-15,0.4,1.6,2.0,66,16.5
Vince Carter,2015-16,0.5,1.9,2.4,60,16.8
Vince Carter,2016-17,0.5,2.6,3.1,73,24.7
Vince Carter,2017-18,0.3,2.2,2.6,58,17.7
Vince Carter,2018-19,0.4,2.1,2.6,76,17.5
Vince Carter,2019-20,0.3,1.8,2.1,60,14.6
Paul George,2010-11,0.6,3.1,3.7,61,20.7
Paul George,2011-12,0.8,4.8,5.6,66,29.7
Paul George,2012-13,1.1,6.5,7.6,79,37.6
Paul George,2013-14,0.8,6.0,6.8,80,36.2
Paul George,2014-15,0.7,3.0,3.7,6,15.2
Paul George,2015-16,1.0,6.0,7.0,81,34.8
Paul George,2016-17,0.8,5.8,6.6,75,35.9
Paul George,2017-18,0.9,4.7,5.7,79,36.6
Paul George,2018-19,1.4,6.8,8.2,77,36.9
Paul George,2019-20,0.5,5.2,5.7,48,29.6
Paul George,2020-21,0.8,5.8,6.6,54,33.7
Paul George,2021-22,0.4,6.5,6.9,31,34.7
Paul George,2022-23,0.8,5.3,6.1,56,34.6
Paul George,2023-24,0.5,4.7,5.2,74,33.8
Paul George,2024-25,0.6,4.8,5.3,41,32.5
Paul George,2025-26,0.6,4.9,5.4,29,30.6
Klay Thompson,2011-12,0.4,2.1,2.4,66,24.4
Klay Thompson,2012-13,0.4,3.3,3.7,82,35.8
Klay Thompson,2013-14,0.5,2.6,3.1,81,35.4
Klay Thompson,2014-15,0.4,2.9,3.2,77,31.9
Klay Thompson,2015-16,0.4,3.4,3.8,80,33.3
Klay Thompson,2016-17,0.6,3.0,3.7,78,34.0
Klay Thompson,2017-18,0.4,3.4,3.8,73,34.3
Klay Thompson,2018-19,0.5,3.4,3.8,78,34.0
Klay Thompson,2021-22,0.5,3.4,3.9,32,29.4
Klay Thompson,2022-23,0.6,3.6,4.1,69,33.0
Klay Thompson,2023-24,0.5,2.8,3.3,77,29.7
Klay Thompson,2024-25,0.6,2.8,3.4,72,27.3
Klay Thompson,2025-26,0.3,1.9,2.1,64,21.8
Tony Parker,2001-02,0.4,2.1,2.6,77,29.4
Tony Parker,2002-03,0.4,2.2,2.6,82,33.8
Tony Parker,2003-04,0.6,2.6,3.2,75,34.4
Tony Parker,2004-05,0.6,3.1,3.7,80,34.2
Tony Parker,2005-06,0.5,2.8,3.3,80,33.9
Tony Parker,2006-07,0.4,2.8,3.2,77,32.5
Tony Parker,2007-08,0.4,2.8,3.2,69,33.5
Tony Parker,2008-09,0.4,2.7,3.1,72,34.1
Tony Parker,2009-10,0.1,2.3,2.4,56,30.9
Tony Parker,2010-11,0.4,2.7,3.1,78,32.4
Tony Parker,2011-12,0.4,2.5,2.9,60,32.1
Tony Parker,2012-13,0.3,2.7,3.0,66,32.9
Tony Parker,2013-14,0.3,2.0,2.3,68,29.4
Tony Parker,2014-15,0.2,1.7,1.9,68,28.7
Tony Parker,2015-16,0.2,2.2,2.4,72,27.5
Tony Parker,2016-17,0.1,1.7,1.8,63,25.2
Tony Parker,2017-18,0.1,1.6,1.7,55,19.5
Tony Parker,2018-19,0.3,1.2,1.5,56,17.9
Pau Gasol,2001-02,2.9,6.0,8.9,82,36.7
Pau Gasol,2002-03,2.3,6.4,8.8,82,36.0
Pau Gasol,2003-04,2.6,5.1,7.7,78,31.5
Pau Gasol,2004-05,2.3,5.0,7.3,56,32.0
Pau Gasol,2005-06,2.4,6.5,8.9,80,39.2
Pau Gasol,2006-07,2.5,7.3,9.8,59,36.2
Pau Gasol,2007-08,2.4,6.4,8.8,39,36.7
Pau Gasol,2007-08,2.3,5.6,7.8,27,34.0
Pau Gasol,2007-08,2.3,6.0,8.4,66,35.6
Pau Gasol,2008-09,3.2,6.4,9.6,81,37.0
Pau Gasol,2009-10,3.7,7.6,11.3,65,37.0
Pau Gasol,2010-11,3.3,6.9,10.2,82,37.0
Pau Gasol,2011-12,2.8,7.6,10.4,65,37.4
Pau Gasol,2012-13,2.3,6.3,8.6,49,33.8
Pau Gasol,2013-14,2.1,7.6,9.7,60,31.4
Pau Gasol,2014-15,2.8,9.0,11.8,78,34.4
Pau Gasol,2015-16,2.2,8.9,11.0,72,31.8
Pau Gasol,2016-17,1.7,6.2,7.8,64,25.4
Pau Gasol,2017-18,1.7,6.4,8.0,77,23.5
Pau Gasol,2018-19,0.8,3.9,4.7,27,12.2
Pau Gasol,2018-19,0.0,3.3,3.3,3,10.0
Pau Gasol,2018-19,0.7,3.8,4.6,30,12.0
Chris Bosh,2003-04,2.5,4.9,7.4,75,33.5
Chris Bosh,2004-05,2.4,6.5,8.9,81,37.2
Chris Bosh,2005-06,2.9,6.3,9.2,70,39.3
Chris Bosh,2006-07,2.7,8.0,10.7,69,38.5
Chris Bosh,2007-08,2.6,6.1,8.7,67,36.2
Chris Bosh,2008-09,2.8,7.2,10.0,77,38.0
Chris Bosh,2009-10,2.9,7.9,10.8,70,36.1
Chris Bosh,2010-11,1.8,6.5,8.3,77,36.3
Chris Bosh,2011-12,1.6,6.3,7.9,57,35.2
Chris Bosh,2012-13,1.8,5.0,6.8,74,33.2
Chris Bosh,2013-14,1.2,5.4,6.6,79,32.0
Chris Bosh,2014-15,1.0,6.0,7.0,44,35.4
Chris Bosh,2015-16,0.9,6.5,7.4,53,33.5
Draymond Green,2012-13,0.7,2.6,3.3,79,13.4
Draymond Green,2013-14,1.0,3.9,5.0,82,21.9
Draymond Green,2014-15,1.4,6.7,8.2,79,31.5
Draymond Green,2015-16,1.7,7.8,9.5,81,34.7
Draymond Green,2016-17,1.3,6.6,7.9,76,32.5
Draymond Green,2017-18,1.1,6.6,7.6,70,32.7
Draymond Green,2018-19,0.9,6.4,7.3,66,31.3
Draymond Green,2019-20,0.5,5.7,6.2,43,28.4
Draymond Green,2020-21,0.9,6.2,7.1,63,31.5
Draymond Green,2021-22,1.0,6.3,7.3,46,28.9
Draymond Green,2022-23,0.9,6.3,7.2,73,31.5
Draymond Green,2023-24,1.4,5.9,7.2,55,27.1
Draymond Green,2024-25,1.1,5.0,6.1,68,29.2
Draymond Green,2025-26,0.8,4.7,5.5,62,27.5
Manu Ginobili,2002-03,0.7,1.7,2.3,69,20.7
Manu Ginobili,2003-04,1.1,3.4,4.5,77,29.3
Manu Ginobili,2004-05,1.0,3.4,4.4,74,29.6
Manu Ginobili,2005-06,0.6,2.9,3.5,65,27.9
Manu Ginobili,2006-07,0.8,3.6,4.4,75,27.5
Manu Ginobili,2007-08,0.9,3.9,4.8,74,31.1
Manu Ginobili,2008-09,0.5,4.0,4.5,44,26.8
Manu Ginobili,2009-10,0.9,2.9,3.8,75,28.7
Manu Ginobili,2010-11,0.5,3.2,3.7,80,30.3
Manu Ginobili,2011-12,0.5,2.9,3.4,34,23.3
Manu Ginobili,2012-13,0.5,2.9,3.4,60,23.2
Manu Ginobili,2013-14,0.4,2.5,3.0,68,22.8
Manu Ginobili,2014-15,0.4,2.6,3.0,70,22.7
Manu Ginobili,2015-16,0.4,2.1,2.5,58,19.6
Manu Ginobili,2016-17,0.4,1.9,2.3,69,18.7
Manu Ginobili,2017-18,0.3,1.9,2.2,65,20.0
Alex English,1976-77,1.1,1.7,2.8,60,10.8
Alex English,1977-78,1.8,3.1,4.8,82,18.9
Alex English,1978-79,3.1,5.0,8.1,81,33.3
Alex English,1979-80,3.1,3.9,7.0,54,28.3
Alex English,1979-80,4.3,5.1,9.4,24,36.5
Alex English,1979-80,3.4,4.3,7.8,78,30.8
Alex English,1980-81,3.4,4.6,8.0,81,38.2
Alex English,1981-82,2.6,4.2,6.8,82,36.8
Alex English,1982-83,3.2,4.1,7.3,82,36.4
Alex English,1983-84,2.6,3.0,5.7,82,35.0
Alex English,1984-85,2.5,3.1,5.7,81,36.1
Alex English,1985-86,2.4,2.6,5.0,81,37.3
Alex English,1986-87,1.8,2.4,4.2,82,37.6
Alex English,1987-88,2.1,2.6,4.7,80,35.2
Alex English,1988-89,1.8,2.2,4.0,82,36.5
Alex English,1989-90,1.5,2.1,3.6,80,27.6
Alex English,1990-91,1.4,1.8,3.2,79,22.1
Bernard King,1977-78,3.4,6.2,9.5,79,39.1
Bernard King,1978-79,3.1,5.1,8.2,82,34.9
Bernard King,1979-80,1.3,3.4,4.6,19,22.1
Bernard King,1980-81,2.2,4.6,6.8,81,36.0
Bernard King,1981-82,1.8,4.2,5.9,79,36.2
Bernard King,1982-83,1.5,3.3,4.8,68,32.5
Bernard King,1983-84,1.6,3.5,5.1,77,34.6
Bernard King,1984-85,2.1,3.7,5.8,55,37.5
Bernard King,1986-87,2.2,3.2,5.3,6,35.7
Bernard King,1987-88,1.2,2.8,4.1,69,29.6
Bernard King,1988-89,1.6,3.1,4.7,81,31.6
Bernard King,1989-90,1.6,3.4,4.9,82,32.8
Bernard King,1990-91,1.8,3.2,5.0,64,37.5
Bernard King,1992-93,1.1,1.3,2.4,32,13.4
Adrian Dantley,1976-77,3.3,4.4,7.6,77,36.6
Adrian Dantley,1977-78,4.1,5.3,9.4,23,41.2
Adrian Dantley,1977-78,3.1,4.2,7.2,56,35.4
Adrian Dantley,1977-78,3.4,4.5,7.8,79,37.1
Adrian Dantley,1978-79,2.2,3.5,5.7,60,29.6
Adrian Dantley,1979-80,2.7,4.9,7.6,68,39.3
Adrian Dantley,1980-81,2.4,4.0,6.4,80,42.7
Adrian Dantley,1981-82,2.9,3.5,6.3,81,39.8
Adrian Dantley,1982-83,2.6,3.7,6.4,22,40.3
Adrian Dantley,1983-84,2.3,3.4,5.7,79,37.8
Adrian Dantley,1984-85,2.7,3.2,5.9,55,35.8
Adrian Dantley,1985-86,2.3,2.9,5.2,76,36.1
Adrian Dantley,1986-87,1.3,2.8,4.1,81,33.8
Adrian Dantley,1987-88,1.2,2.1,3.3,69,31.1
Adrian Dantley,1988-89,1.3,2.6,3.9,42,31.9
Adrian Dantley,1988-89,2.1,2.9,4.9,31,34.9
Adrian Dantley,1988-89,1.6,2.7,4.3,73,33.2
Adrian Dantley,1989-90,1.7,2.1,3.8,45,28.9
Adrian Dantley,1990-91,0.8,0.5,1.3,10,12.6
